神里绫华_train_0|风和日丽，要去哪边走走么？|风和日丽，要去哪边走走么？
神里绫华_train_1|这么好吃的东西，一定会的。|这么好吃的东西，一定会的。
神里绫华_train_2|似乎…也没有机会见到她完成这件事了呢。|似乎…也没有机会见到她完成这件事了呢。
神里绫华_train_3|好的好的。|好的好的。
神里绫华_train_4|不知不觉中，我为母亲完成了一些愿望。唯独去祭典一事，我无法替她完成。|不知不觉中，我为母亲完成了一些愿望。唯独去祭典一事，我无法替她完成。
神里绫华_train_5|原本这样的事应该委托兄长与我一同处理，但现阶段兄长非常忙碌…我又有些私心，不想让其他本地人士参与到这件事中。|原本这样的事应该委托兄长与我一同处理，但现阶段兄长非常忙碌…我又有些私心，不想让其他本地人士参与到这件事中。
神里绫华_train_6|不过这样的假命令居然传下去了，我也有一定的责任。我会妥善处理这件事。|不过这样的假命令居然传下去了，我也有一定的责任。我会妥善处理这件事。
神里绫华_train_7|因为重油重盐，所以会被身边的人限制吃的次数…不管是拉面还是火锅，平时都吃不到的。|因为重油重盐，所以会被身边的人限制吃的次数…不管是拉面还是火锅，平时都吃不到的。
神里绫华_train_8|每当我遇到麻烦事，总是会想：母亲当年是否也这样做过？这样的事，她会怎么处理呢？|每当我遇到麻烦事，总是会想：母亲当年是否也这样做过？这样的事，她会怎么处理呢？
神里绫华_train_9|……|……
神里绫华_train_10|「雷电五传」曾经是稻妻最为顶尖的五个锻刀流派，这五个家族虽是刀匠世家，却也在社奉行有不小的官职。|「雷电五传」曾经是稻妻最为顶尖的五个锻刀流派，这五个家族虽是刀匠世家，却也在社奉行有不小的官职。
神里绫华_train_11|…或许是因为，有你在我身边吧。|…或许是因为，有你在我身边吧。
神里绫华_train_12|…真是岌岌可危呢|…真是岌岌可危呢
神里绫华_train_13|久利须先生，您没事吧？|久利须先生，您没事吧？
神里绫华_train_14|是以白鹭为主题制作的发簪，既可以当成发饰，也可以当做摆件。|是以白鹭为主题制作的发簪，既可以当成发饰，也可以当做摆件。
神里绫华_train_15|大御所大人…是在诉说什么吗？|大御所大人…是在诉说什么吗？
神里绫华_train_16|真是个令人心情平和的夜晚呢。|真是个令人心情平和的夜晚呢。
神里绫华_train_17|请不要这样说。|请不要这样说。
神里绫华_train_18|是关于，三个失去神之眼的人…等你见过他们，或许就能明白…|是关于，三个失去神之眼的人…等你见过他们，或许就能明白…
神里绫华_train_19|越快乐，时光便流逝得越快…就像流水与落樱。|越快乐，时光便流逝得越快…就像流水与落樱。
神里绫华_train_20|希望这次不缺什么了。|希望这次不缺什么了。
神里绫华_train_21|喜欢漂亮的着物，想要尝试每个地区的美食，渴望不曾见过的美景…|喜欢漂亮的着物，想要尝试每个地区的美食，渴望不曾见过的美景…
神里绫华_train_22|好的，我会加油！|好的，我会加油！
神里绫华_train_23|我也会召集人手，争取挖出更多潜伏在稻妻的愚人众。|我也会召集人手，争取挖出更多潜伏在稻妻的愚人众。
神里绫华_train_24|九条裟罗是眼狩令的执行者，她只听从雷电将军的命令。|九条裟罗是眼狩令的执行者，她只听从雷电将军的命令。
神里绫华_train_25|#怎么样{NICKNAME}，计划还顺利吗？|#怎么样{NICKNAME}，计划还顺利吗？
神里绫华_train_26|呵呵，请让我领教一番吧。|呵呵，请让我领教一番吧。
神里绫华_train_27|据说有一名流浪武士，在夜晚横穿树林，突然发现眼前熟悉的景色开始变得怪异。|据说有一名流浪武士，在夜晚横穿树林，突然发现眼前熟悉的景色开始变得怪异。
神里绫华_train_28|这样啊…好的，那就按旅行者说的来。|这样啊…好的，那就按旅行者说的来。
神里绫华_train_29|哎？真的吗？|哎？真的吗？
神里绫华_train_30|啊…！|啊…！
神里绫华_train_31|风花雪月，虽然作为我们熟知的事物存在于世界之中，但也应有属于它们自己的「感情」。|风花雪月，虽然作为我们熟知的事物存在于世界之中，但也应有属于它们自己的「感情」。
神里绫华_train_32|旅行者，派蒙，先入座吧。我稍稍失陪一会儿，马上就来。|旅行者，派蒙，先入座吧。我稍稍失陪一会儿，马上就来。
神里绫华_train_33|你对我们这里的祭典有兴趣吗？|你对我们这里的祭典有兴趣吗？
神里绫华_train_34|太感谢了！那么我们现在就出发好吗？第一站先去小仓屋。|太感谢了！那么我们现在就出发好吗？第一站先去小仓屋。
神里绫华_train_35|总觉得，也像是某种暗号…|总觉得，也像是某种暗号…
神里绫华_train_36|…我…我知道了。|…我…我知道了。
神里绫华_train_37|该不会是…徘徊在这里的怨灵…？|该不会是…徘徊在这里的怨灵…？
神里绫华_train_38|托马是我很重要的朋友，他的开朗和阳光总是感染着我。某种意义上来说，他就像是我的另一个兄长一样，已经成为了「神里家」的一员。|托马是我很重要的朋友，他的开朗和阳光总是感染着我。某种意义上来说，他就像是我的另一个兄长一样，已经成为了「神里家」的一员。
神里绫华_train_39|前面的路，我自己上去就好。|前面的路，我自己上去就好。
神里绫华_train_40|笔记上写，对方名叫「椿」，似乎是一个很受我母亲重视，也相当有个性、爱玩乐的人。|笔记上写，对方名叫「椿」，似乎是一个很受我母亲重视，也相当有个性、爱玩乐的人。
神里绫华_train_41|各位，可算找到你们了。|各位，可算找到你们了。
神里绫华_train_42|兄长曾说恐惧出自人心，内心安宁，恐惧自然消散，现在我明白了。|兄长曾说恐惧出自人心，内心安宁，恐惧自然消散，现在我明白了。
神里绫华_train_43|或许有些突然…但这件事在我看来，只能委托你。|或许有些突然…但这件事在我看来，只能委托你。
神里绫华_train_44|那就好。我…我不擅长这种舞蹈，没有丢脸真是太好了。|那就好。我…我不擅长这种舞蹈，没有丢脸真是太好了。
神里绫华_train_45|很惊讶对吧？我、我也很惊讶…但这本笔记一开始便这样写了。|很惊讶对吧？我、我也很惊讶…但这本笔记一开始便这样写了。
神里绫华_train_46|"#你一定能找到{MATEAVATAR#SEXPRO[INFO_MALE_PRONOUN_HE|INFO_FEMALE_PRONOUN_SHE]}的，千万不要放弃。"|"#你一定能找到{MATEAVATAR#SEXPRO[INFO_MALE_PRONOUN_HE|INFO_FEMALE_PRONOUN_SHE]}的，千万不要放弃。"
神里绫华_train_47|有件事我想解释，刚才我有点紧张，就、就找了个借口…不是只为了给你当导游！请相信我！|有件事我想解释，刚才我有点紧张，就、就找了个借口…不是只为了给你当导游！请相信我！
神里绫华_train_48|呵呵，敬请放心。|呵呵，敬请放心。
神里绫华_train_49|呵呵，请多关照。|呵呵，请多关照。
神里绫华_train_50|她的老师临走前拜托我，要好好照顾和监督早柚的成长。我会委托鹿野奈奈监督她，有一部分原因也是她的老师的建议。|她的老师临走前拜托我，要好好照顾和监督早柚的成长。我会委托鹿野奈奈监督她，有一部分原因也是她的老师的建议。
神里绫华_train_51|但如果我们暴露身份的话，她对我们是不会客气的。|但如果我们暴露身份的话，她对我们是不会客气的。
神里绫华_train_52|…谢谢你们，我好像明白了一些事呢。|…谢谢你们，我好像明白了一些事呢。
神里绫华_train_53|精湛的牌技，我很钦佩。|精湛的牌技，我很钦佩。
神里绫华_train_54|这就是旅行者平日里的生活么，呵，感觉又多了解了你一些。|这就是旅行者平日里的生活么，呵，感觉又多了解了你一些。
神里绫华_train_55|刚才说的所有事情还请二位替我保密。|刚才说的所有事情还请二位替我保密。
神里绫华_train_56|依您之见，这是…|依您之见，这是…
神里绫华_train_57|对。难得兄长说今天不忙，要带我去买书，但他却把钱包忘在了家里，于是就只好让托马回去取了。|对。难得兄长说今天不忙，要带我去买书，但他却把钱包忘在了家里，于是就只好让托马回去取了。
神里绫华_train_58|哈哈哈，你们的交流真可爱…咳！不、不是，我是说，如果派蒙想要，我可以找人帮你定做衣服。|哈哈哈，你们的交流真可爱…咳！不、不是，我是说，如果派蒙想要，我可以找人帮你定做衣服。
神里绫华_train_59|可能有些冒昧，但我想请问一下，这种点心是怎么做的呢？|可能有些冒昧，但我想请问一下，这种点心是怎么做的呢？
神里绫华_train_60|我…我去问问看，不管怎么说一定要进去一次，嗯！|我…我去问问看，不管怎么说一定要进去一次，嗯！
神里绫华_train_61|母亲嫁给我父亲之后，就一直作为神里家的主母掌管各项事宜。社奉行身份相对尊贵，需要打点的方面非常多。|母亲嫁给我父亲之后，就一直作为神里家的主母掌管各项事宜。社奉行身份相对尊贵，需要打点的方面非常多。
神里绫华_train_62|#早，{NICKNAME}。|#早，{NICKNAME}。
神里绫华_train_63|那个孩子，就拜托你去安慰了。|那个孩子，就拜托你去安慰了。
神里绫华_train_64|如你有空，我们移步木漏茶室如何？在这样恬静的日子，略加交流茶艺心得，想来是颇具雅趣的。|如你有空，我们移步木漏茶室如何？在这样恬静的日子，略加交流茶艺心得，想来是颇具雅趣的。
神里绫华_train_65|看来那位八重宫司的判断是正确的。如今稻妻的纷争，确实是他们推波助澜的结果。|看来那位八重宫司的判断是正确的。如今稻妻的纷争，确实是他们推波助澜的结果。
神里绫华_train_66|能有这样的对局，我很满足。|能有这样的对局，我很满足。
神里绫华_train_67|不过想要反抗眼狩令，现在我们所做的还远远不够。|不过想要反抗眼狩令，现在我们所做的还远远不够。
神里绫华_train_68|我认为很难。|我认为很难。
神里绫华_train_69|平时她好像怎么睡都睡不够，今天能配合你干这些事，已经很努力了。|平时她好像怎么睡都睡不够，今天能配合你干这些事，已经很努力了。
神里绫华_train_70|「绫华，你的最后一个愿望也已经实现了。」|「绫华，你的最后一个愿望也已经实现了。」
神里绫华_train_71|说起来，我和旅行者有点像呢，都有兄长。|说起来，我和旅行者有点像呢，都有兄长。
神里绫华_train_72|怎么会…|怎么会…
神里绫华_train_73|这都是由于社奉行统管祭祀事务的特殊性，许多时候需要旁人回避。|这都是由于社奉行统管祭祀事务的特殊性，许多时候需要旁人回避。
神里绫华_train_74|毕竟能够得到神之眼的人少之又少，甚至可能还会招来嫉妒。|毕竟能够得到神之眼的人少之又少，甚至可能还会招来嫉妒。
神里绫华_train_75|虽然是再度重逢，但没有多少叙旧的时间呢。等一切结束，我们再好好庆祝一番。|虽然是再度重逢，但没有多少叙旧的时间呢。等一切结束，我们再好好庆祝一番。
神里绫华_train_76|拜托了，再占用你一点时间，和我聊聊你喜欢的东西吧。|拜托了，再占用你一点时间，和我聊聊你喜欢的东西吧。
神里绫华_train_77|母亲和我，在某些方面是完全一样的。她所面临的事，同样也是我将要面对的事。|母亲和我，在某些方面是完全一样的。她所面临的事，同样也是我将要面对的事。
神里绫华_train_78|虽然我个人也不怎么认可「勘定奉行」的行事作风，但久利须先生，这里毕竟是稻妻，请注意您的发言。|虽然我个人也不怎么认可「勘定奉行」的行事作风，但久利须先生，这里毕竟是稻妻，请注意您的发言。
神里绫华_train_79|可现在的问题就是，一直帮助我们伪造神之眼的正胜师傅，在前些天被天领奉行的人给逮捕了。|可现在的问题就是，一直帮助我们伪造神之眼的正胜师傅，在前些天被天领奉行的人给逮捕了。
神里绫华_train_80|祭典真好啊！没有那么多规矩，每个人脸上都洋溢着发自内心的笑容，自在又快乐…|祭典真好啊！没有那么多规矩，每个人脸上都洋溢着发自内心的笑容，自在又快乐…
神里绫华_train_81|嗯，都是我母亲想要尝试的东西。|嗯，都是我母亲想要尝试的东西。
神里绫华_train_82|"#我就说{PLAYERAVATAR#SEXPRO[INFO_MALE_PRONOUN_HE|INFO_FEMALE_PRONOUN_SHE]}不会置之不理的，我果然没有相信错人。"|"#我就说{PLAYERAVATAR#SEXPRO[INFO_MALE_PRONOUN_HE|INFO_FEMALE_PRONOUN_SHE]}不会置之不理的，我果然没有相信错人。"
神里绫华_train_83|呼。|呼。
神里绫华_train_84|这边是小吃摊位，有很多稻妻特色美食。你们想吃什么，我去买！|这边是小吃摊位，有很多稻妻特色美食。你们想吃什么，我去买！
神里绫华_train_85|难道这会是「椿」的笔记吗…|难道这会是「椿」的笔记吗…
神里绫华_train_86|当然可以。|当然可以。
神里绫华_train_87|不过恐惧倒也并不完全是一件坏事…虽然几次被吓到，但我还是觉得很开心。|不过恐惧倒也并不完全是一件坏事…虽然几次被吓到，但我还是觉得很开心。
神里绫华_train_88|这样啊，没关系的。|这样啊，没关系的。
神里绫华_train_89|说起来，大概十几年前，有一位家臣跟我讲过一个故事。|说起来，大概十几年前，有一位家臣跟我讲过一个故事。
神里绫华_train_90|很难得能在这里见到早柚呢。|很难得能在这里见到早柚呢。
神里绫华_train_91|啊…|啊…
神里绫华_train_92|能在今天跟你们一起参加祭典，真是太好了。|能在今天跟你们一起参加祭典，真是太好了。
神里绫华_train_93|嗯，看完了哦。|嗯，看完了哦。
神里绫华_train_94|唔…这么说也有道理…|唔…这么说也有道理…
神里绫华_train_95|不用担心，我们没事。|不用担心，我们没事。
神里绫华_train_96|拜托你了，她对我有些戒备，我虽然一直很想关照她，但效果都不是很好。|拜托你了，她对我有些戒备，我虽然一直很想关照她，但效果都不是很好。
神里绫华_train_97|天领奉行附近的守卫很多，你们靠近的时候务必小心。之后我们再在这里碰面吧。|天领奉行附近的守卫很多，你们靠近的时候务必小心。之后我们再在这里碰面吧。
神里绫华_train_98|……|……
神里绫华_train_99|恭喜你。|恭喜你。
神里绫华_train_100|不过…你的好意…我拜领了。|不过…你的好意…我拜领了。
神里绫华_train_101|天领奉行执掌国内军事事务，如果他们有瞒报的想法，我们也无从得知。|天领奉行执掌国内军事事务，如果他们有瞒报的想法，我们也无从得知。
神里绫华_train_102|商人行商也有难处，如派蒙所说，我帮您绝非是要占您的便宜。这些货物，请您按正常的价格出售给我。|商人行商也有难处，如派蒙所说，我帮您绝非是要占您的便宜。这些货物，请您按正常的价格出售给我。
神里绫华_train_103|…可以吗？|…可以吗？
神里绫华_train_104|笔记中写的，大多是母亲平日里私密又琐碎的小心思…那些我们以为与「椿」有关的事，也是属于她的想法。|笔记中写的，大多是母亲平日里私密又琐碎的小心思…那些我们以为与「椿」有关的事，也是属于她的想法。
神里绫华_train_105|如果知道你会在这个时候前来，我应该多花些时间做些打扮才是…|如果知道你会在这个时候前来，我应该多花些时间做些打扮才是…
神里绫华_train_106|她的情感似乎非常淡薄，比起「统治者」或许更像一个无情的「执行者」，以各种形式践行着「永恒」这唯一的目标。|她的情感似乎非常淡薄，比起「统治者」或许更像一个无情的「执行者」，以各种形式践行着「永恒」这唯一的目标。
神里绫华_train_107|情况我已经了解了，总之是要找到天领奉行叛变的证据，让我想想…|情况我已经了解了，总之是要找到天领奉行叛变的证据，让我想想…
神里绫华_train_108|留下五歌仙故事的人，之所以选择了这样的办法，应该还是为了枫原吧。|留下五歌仙故事的人，之所以选择了这样的办法，应该还是为了枫原吧。
神里绫华_train_109|不愧是璃月…古老的文化孕育着最美丽的传说，令人向往。|不愧是璃月…古老的文化孕育着最美丽的传说，令人向往。
神里绫华_train_110|更重要的是…我也希望，你我之间可以不用拘泥这些身份…|更重要的是…我也希望，你我之间可以不用拘泥这些身份…
神里绫华_train_111|嗯！|嗯！
神里绫华_train_112|嗯！|嗯！
神里绫华_train_113|「鹤衔来<color=#00E1FFFF>一</color>朵装饰发梢的鲜花，白兔将<color=#00E1FFFF>四</color>片月光缝成裙摆，我打扮得当，<color=#00E1FFFF>向着东方</color>喊了<color=#00E1FFFF>七</color>声椿的名字，转眼便站在去往她家的小径上。」|「鹤衔来<color=#00E1FFFF>一</color>朵装饰发梢的鲜花，白兔将<color=#00E1FFFF>四</color>片月光缝成裙摆，我打扮得当，<color=#00E1FFFF>向着东方</color>喊了<color=#00E1FFFF>七</color>声椿的名字，转眼便站在去往她家的小径上。」
神里绫华_train_114|你在城中，见过枯萎的樱花树么？这种「枯」之美，让我想到春天盛开之景。不过别人似乎并不这么想，不再开花的樱树会被移走…就算一次也好，真想看到它再次开放。|你在城中，见过枯萎的樱花树么？这种「枯」之美，让我想到春天盛开之景。不过别人似乎并不这么想，不再开花的樱树会被移走…就算一次也好，真想看到它再次开放。
神里绫华_train_115|敌人既然能够篡改将军大人的图纸，还能以一敌多，身份必定极不寻常。|敌人既然能够篡改将军大人的图纸，还能以一敌多，身份必定极不寻常。
神里绫华_train_116|在场大家都是值得信赖的人，说出来也无妨。|在场大家都是值得信赖的人，说出来也无妨。
神里绫华_train_117|也许是这样呢。|也许是这样呢。
神里绫华_train_118|倒不如说，其实…其实我自己也有这样的一面…|倒不如说，其实…其实我自己也有这样的一面…
神里绫华_train_119|倒也不无道理。天领奉行旁边就是千手百眼神像，如果能在神像周围点燃烟花，天领奉行不会不管。|倒也不无道理。天领奉行旁边就是千手百眼神像，如果能在神像周围点燃烟花，天领奉行不会不管。
神里绫华_train_120|哎？这、这样真的可以吗？|哎？这、这样真的可以吗？
神里绫华_train_121|「若知是梦何须醒，不比真如一相会。」|「若知是梦何须醒，不比真如一相会。」
神里绫华_train_122|之前我听兄长提起过，「雷电五传」的没落非常快，在短短数十年里，就有三家遭遇种种不幸，最终彻底消失。|之前我听兄长提起过，「雷电五传」的没落非常快，在短短数十年里，就有三家遭遇种种不幸，最终彻底消失。
神里绫华_train_123|不仅如此，她的一举一动都代表着神里家族。人们总是注视着她，在这种情况下，她一定没有太多时间去做自己想做的事…|不仅如此，她的一举一动都代表着神里家族。人们总是注视着她，在这种情况下，她一定没有太多时间去做自己想做的事…
神里绫华_train_124|我会帮你引荐雷电将军，但前提是…你要帮我完成三个小心愿。|我会帮你引荐雷电将军，但前提是…你要帮我完成三个小心愿。
神里绫华_train_125|毕竟想要告诉我真相，要相对容易得多。|毕竟想要告诉我真相，要相对容易得多。
神里绫华_train_126|关于这件事，我有一个初步推测。|关于这件事，我有一个初步推测。
神里绫华_train_127|"#我就说{PLAYERAVATAR#SEXPRO[INFO_MALE_PRONOUN_HE|INFO_FEMALE_PRONOUN_SHE]}不会置之不理的，我果然没有相信错人。"|"#我就说{PLAYERAVATAR#SEXPRO[INFO_MALE_PRONOUN_HE|INFO_FEMALE_PRONOUN_SHE]}不会置之不理的，我果然没有相信错人。"
神里绫华_train_128|而枫原家，就正是「一心」一脉的后人。|而枫原家，就正是「一心」一脉的后人。
神里绫华_train_129|"#这是你和你的{MATEAVATAR#SEXPRO[INFO_MALE_PRONOUN_BROTHER|INFO_FEMALE_PRONOUN_SISTER]}对吧？"|"#这是你和你的{MATEAVATAR#SEXPRO[INFO_MALE_PRONOUN_BROTHER|INFO_FEMALE_PRONOUN_SISTER]}对吧？"
神里绫华_train_130|说起来，旅行者，其实我一直想给你也添置一套新衣服。|说起来，旅行者，其实我一直想给你也添置一套新衣服。
神里绫华_train_131|起舞吧。|起舞吧。
神里绫华_train_132|非常感谢。|非常感谢。
神里绫华_train_133|啊…稍微有点油腻了呢。|啊…稍微有点油腻了呢。
神里绫华_train_134|这样见面还是第一次，旅行者和派蒙，呵呵。|这样见面还是第一次，旅行者和派蒙，呵呵。
神里绫华_train_135|因此…我对这位陌生人十分好奇，很想见见对方。|因此…我对这位陌生人十分好奇，很想见见对方。
神里绫华_train_136|不不不，已经受您很多照顾了，我们不能…|不不不，已经受您很多照顾了，我们不能…
神里绫华_train_137|除此之外，这是…他们与愚人众来往的信件。|除此之外，这是…他们与愚人众来往的信件。
神里绫华_train_138|是的，这是旅行者帮忙制作的异国料理。|是的，这是旅行者帮忙制作的异国料理。
神里绫华_train_139|毕竟，要对抗眼狩令，就相当于要对抗神明啊。光是做好这样的觉悟，就已经很难了。|毕竟，要对抗眼狩令，就相当于要对抗神明啊。光是做好这样的觉悟，就已经很难了。
神里绫华_train_140|怎么样，稻妻的料理合你们口味吗？|怎么样，稻妻的料理合你们口味吗？
神里绫华_train_141|这间院子也是他们家的私人区域，我是请店主帮忙准备了一些料理用具和食材，想在这里做一道特色料理。|这间院子也是他们家的私人区域，我是请店主帮忙准备了一些料理用具和食材，想在这里做一道特色料理。
神里绫华_train_142|呃，请问香菱是…？|呃，请问香菱是…？
神里绫华_train_143|嗯…我真是太幸福了…|嗯…我真是太幸福了…
神里绫华_train_144|不过除了我们之外，还是有远在海祇岛的「反抗军」存在的。|不过除了我们之外，还是有远在海祇岛的「反抗军」存在的。
神里绫华_train_145|要休息一会儿吗？|要休息一会儿吗？
神里绫华_train_146|啊…刚刚听千鹤小姐讲从前三川花祭的事情，我还想着下次一定要再找时间好好聊聊。|啊…刚刚听千鹤小姐讲从前三川花祭的事情，我还想着下次一定要再找时间好好聊聊。
神里绫华_train_147|是的。一些与我母亲有关的事。|是的。一些与我母亲有关的事。
神里绫华_train_148|那么请您退到安全的地方，并保护好自身安全。接下来…是我实现承诺的时候了。|那么请您退到安全的地方，并保护好自身安全。接下来…是我实现承诺的时候了。
神里绫华_train_149|这么说来，确实有一点让我很在意。幕府军与反抗军交战已久，但将军却从未过问此事。|这么说来，确实有一点让我很在意。幕府军与反抗军交战已久，但将军却从未过问此事。
神里绫华_train_150|#{NICKNAME}，这些当证据应该足够了。接下来还请你将它们带给<color=#00E1FFFF>八重宫司</color>，相信她会有接下来的计划。|#{NICKNAME}，这些当证据应该足够了。接下来还请你将它们带给<color=#00E1FFFF>八重宫司</color>，相信她会有接下来的计划。
神里绫华_train_151|我也是你们重要的朋友了。我真的…非常高兴。|我也是你们重要的朋友了。我真的…非常高兴。
神里绫华_train_152|跟你在一起的时间…过得很快，又很慢。|跟你在一起的时间…过得很快，又很慢。
神里绫华_train_153|如今的我，依旧想成为值得大家信任的人。不过，鼓舞我的原因，已不再是肩上的责任或他人的期待。而是因为，你也是这样的人啊。|如今的我，依旧想成为值得大家信任的人。不过，鼓舞我的原因，已不再是肩上的责任或他人的期待。而是因为，你也是这样的人啊。
神里绫华_train_154|稍等一下。|稍等一下。
神里绫华_train_155|我和八重宫司大人的合作向来很愉快。你看，操办节庆庆典非常劳神费力，营收多半也不好看。但是八重宫司大人操办的产业，真的既风雅又有收成。|我和八重宫司大人的合作向来很愉快。你看，操办节庆庆典非常劳神费力，营收多半也不好看。但是八重宫司大人操办的产业，真的既风雅又有收成。
神里绫华_train_156|因为是你的居所，意义就更加不同。|因为是你的居所，意义就更加不同。
神里绫华_train_157|旅行者，派蒙…你们觉得呢？|旅行者，派蒙…你们觉得呢？
神里绫华_train_158|接下来，我想带旅行者和派蒙去餐馆用餐。|接下来，我想带旅行者和派蒙去餐馆用餐。
神里绫华_train_159|其实，我并不擅长应对神鬼之事…总担心自己表现得太过失礼，会令家族蒙羞。|其实，我并不擅长应对神鬼之事…总担心自己表现得太过失礼，会令家族蒙羞。
神里绫华_train_160|有劳您了，还缺什么吗？|有劳您了，还缺什么吗？
神里绫华_train_161|哇，真不错…不知为什么，有点向往…|哇，真不错…不知为什么，有点向往…
神里绫华_train_162|派蒙，其实，面具也不是必须的哦…|派蒙，其实，面具也不是必须的哦…
神里绫华_train_163|非常感谢，等我们买到布料再回来找您。|非常感谢，等我们买到布料再回来找您。
神里绫华_train_164|旅行者你看，有抽签的摊位。|旅行者你看，有抽签的摊位。
神里绫华_train_165|看来，你们能理解我的心情了，既然这样，不知能否再考虑一下…|看来，你们能理解我的心情了，既然这样，不知能否再考虑一下…
神里绫华_train_166|今天是祭典最后一天，许多游客都已经回家了吧。|今天是祭典最后一天，许多游客都已经回家了吧。
神里绫华_train_167|呵呵，因为那三件事之后，我已经把你们当做我的朋友了，就像我也不会隔着屏风和托马说话一样。|呵呵，因为那三件事之后，我已经把你们当做我的朋友了，就像我也不会隔着屏风和托马说话一样。
神里绫华_train_168|这样就可以了。|这样就可以了。
神里绫华_train_169|不需要这么尊敬…|不需要这么尊敬…
神里绫华_train_170|将军所传的锻刀之术，也因星象、用途、矿质、炉火环境、人之性格、元素变化的不同，而有所区分。即是刀工之间所说的「雷电五传」。能锻造名刀的刀工，也被算作是本领通神的神事相关人员，归属统筹文化、艺术、祭祀的社奉行一派管理。因此，出现了刀工背叛的事情，自然就是神里家的督办不力了。|将军所传的锻刀之术，也因星象、用途、矿质、炉火环境、人之性格、元素变化的不同，而有所区分。即是刀工之间所说的「雷电五传」。能锻造名刀的刀工，也被算作是本领通神的神事相关人员，归属统筹文化、艺术、祭祀的社奉行一派管理。因此，出现了刀工背叛的事情，自然就是神里家的督办不力了。
神里绫华_train_171|呜…内心有点动摇…|呜…内心有点动摇…
神里绫华_train_172|给您。|给您。
神里绫华_train_173|我们回去吧。|我们回去吧。
神里绫华_train_174|是的…因为家主过世得突然，神里家一时群龙无首，又有奸人趁机作梗，在社奉行的地位也变得岌岌可危。|是的…因为家主过世得突然，神里家一时群龙无首，又有奸人趁机作梗，在社奉行的地位也变得岌岌可危。
神里绫华_train_175|请您收下。可以的话，希望能加急。|请您收下。可以的话，希望能加急。
神里绫华_train_176|一直紧张下去也只是徒增疲惫，倒不如好好地休息一下。|一直紧张下去也只是徒增疲惫，倒不如好好地休息一下。
神里绫华_train_177|这样啊…那我先走了，你们去和朋友打个招呼吧。|这样啊…那我先走了，你们去和朋友打个招呼吧。
神里绫华_train_178|啊对，是不是该把菜谱抄下来？|啊对，是不是该把菜谱抄下来？
神里绫华_train_179|可以请你帮我打包吗？|可以请你帮我打包吗？
神里绫华_train_180|他停下脚步，发现自己仿佛到了另一个世界。不似人形的怪异之物们，正齐刷刷地看向他…|他停下脚步，发现自己仿佛到了另一个世界。不似人形的怪异之物们，正齐刷刷地看向他…
神里绫华_train_181|「雪霁银妆素，桔高映琼枝。」嗯…美景当前，只差一壶茶与之相衬呢。|「雪霁银妆素，桔高映琼枝。」嗯…美景当前，只差一壶茶与之相衬呢。
神里绫华_train_182|那样的话就太失礼了…|那样的话就太失礼了…
神里绫华_train_183|因此大部分民众只会选择冷漠处之。|因此大部分民众只会选择冷漠处之。
神里绫华_train_184|真的吗？完全没有标准，全凭喜好？|真的吗？完全没有标准，全凭喜好？
神里绫华_train_185|我明白了，既然这样我先回去寻找图谱，大家稍后到神里屋敷与我汇合即可。|我明白了，既然这样我先回去寻找图谱，大家稍后到神里屋敷与我汇合即可。
神里绫华_train_186|啊！都怪我考虑工作，害大家跑题了…抱歉，我要去的是旁边这家店铺。|啊！都怪我考虑工作，害大家跑题了…抱歉，我要去的是旁边这家店铺。
神里绫华_train_187|仅仅读着就会感伤，这大概就是人们所说的「艺术的感染力」吧。|仅仅读着就会感伤，这大概就是人们所说的「艺术的感染力」吧。
神里绫华_train_188|是的。虽然父母都已过世多年，但与他们有过往来的人物，我和兄长大人大抵还是知道的。|是的。虽然父母都已过世多年，但与他们有过往来的人物，我和兄长大人大抵还是知道的。
神里绫华_train_189|嗯，那我就放心了！|嗯，那我就放心了！
神里绫华_train_190|#{NICKNAME}、派蒙，你们好。|#{NICKNAME}、派蒙，你们好。
神里绫华_train_191|我觉得，当年神里家主没有对我们这些后人说起这件事，或许也是基于同样的想法。|我觉得，当年神里家主没有对我们这些后人说起这件事，或许也是基于同样的想法。
神里绫华_train_192|寻珍觅奇…也算得一种雅趣。|寻珍觅奇…也算得一种雅趣。
神里绫华_train_193|唉，算了，我就是朋友很少，我自己也知道啦…|唉，算了，我就是朋友很少，我自己也知道啦…
神里绫华_train_194|实不相瞒，是这样没错。|实不相瞒，是这样没错。
神里绫华_train_195|没想到…这么快就会分别…|没想到…这么快就会分别…
神里绫华_train_196|呀！|呀！
神里绫华_train_197|好手段。|好手段。
神里绫华_train_198|我也这么想！像你这样四处旅行的人，一定懂得很多知识，了解各地美食…|我也这么想！像你这样四处旅行的人，一定懂得很多知识，了解各地美食…
神里绫华_train_199|嗯，那是自然，呵呵。|嗯，那是自然，呵呵。
神里绫华_train_200|各位，我们还是到外面去吧。这里气氛跟我想的有些不同，总觉得…不太想在这里翻开这本笔记。|各位，我们还是到外面去吧。这里气氛跟我想的有些不同，总觉得…不太想在这里翻开这本笔记。
神里绫华_train_201|是的。|是的。
神里绫华_train_202|哈哈，那我就放心了。|哈哈，那我就放心了。
神里绫华_train_203|就连我也从未听过母亲有这样一位朋友，如此神秘，一定是平日很难见到的高人吧。|就连我也从未听过母亲有这样一位朋友，如此神秘，一定是平日很难见到的高人吧。
神里绫华_train_204|嗯！所以…|嗯！所以…
神里绫华_train_205|以前会有这样的风俗哦，流传至今，就变成了一种流行的祭典装扮。不过，也不是绝对的。|以前会有这样的风俗哦，流传至今，就变成了一种流行的祭典装扮。不过，也不是绝对的。
神里绫华_train_206|谢谢你，我真的很开心。|谢谢你，我真的很开心。
神里绫华_train_207|太好了…如果不介意的话，要不要和我组队呢？|太好了…如果不介意的话，要不要和我组队呢？
神里绫华_train_208|记忆中除了威严、尊贵和无与伦比的威压感之外，最让我印象深刻的便是…|记忆中除了威严、尊贵和无与伦比的威压感之外，最让我印象深刻的便是…
神里绫华_train_209|不是哦，我是带我身边这位旅行者前来游览的。|不是哦，我是带我身边这位旅行者前来游览的。
神里绫华_train_210|写好啦！|写好啦！
神里绫华_train_211|神里流太刀术的要义之一，在于不断锤炼自己的「剑心」。|神里流太刀术的要义之一，在于不断锤炼自己的「剑心」。
神里绫华_train_212|当然，关于这点，我已经提前考虑到了哦。|当然，关于这点，我已经提前考虑到了哦。
神里绫华_train_213|"#有时我会觉得自己非常能理解你急于找回{MATEAVATAR#SEXPRO[INFO_MALE_PRONOUN_BROTHER|INFO_FEMALE_PRONOUN_SISTER]}的心情。"|"#有时我会觉得自己非常能理解你急于找回{MATEAVATAR#SEXPRO[INFO_MALE_PRONOUN_BROTHER|INFO_FEMALE_PRONOUN_SISTER]}的心情。"
神里绫华_train_214|谢谢您。那我们就先告辞了。|谢谢您。那我们就先告辞了。
神里绫华_train_215|我对异国料理很有兴趣，虽然很少有尝试的机会。嗯…如果是要局限在稻妻料理内的话…应该是「茶泡饭」吧。不过，不能给一般客人看见，我也是偷偷告诉你的。|我对异国料理很有兴趣，虽然很少有尝试的机会。嗯…如果是要局限在稻妻料理内的话…应该是「茶泡饭」吧。不过，不能给一般客人看见，我也是偷偷告诉你的。
神里绫华_train_216|哈哈哈，当然可以啦。|哈哈哈，当然可以啦。
神里绫华_train_217|回到正题上来，在看到那些失去神之眼的人的苦痛之后，你们作何感想呢？|回到正题上来，在看到那些失去神之眼的人的苦痛之后，你们作何感想呢？
神里绫华_train_218|父母过世后，我和哥哥接手了神里家的一切。期间遇到的许多困难，可能对外人来说有些难以想象…|父母过世后，我和哥哥接手了神里家的一切。期间遇到的许多困难，可能对外人来说有些难以想象…
神里绫华_train_219|听起来真不错啊。|听起来真不错啊。
神里绫华_train_220|等我学会做这道点心…可以请旅行者和派蒙来试吃吗？|等我学会做这道点心…可以请旅行者和派蒙来试吃吗？
神里绫华_train_221|可以吗？太好了！|可以吗？太好了！
神里绫华_train_222|让我们趁热吃吧。|让我们趁热吃吧。
神里绫华_train_223|啊！抱歉，跟你说了些闲话。|啊！抱歉，跟你说了些闲话。
神里绫华_train_224|点单就按之前我预约的内容，另外，和你说好的那件事…也拜托了。|点单就按之前我预约的内容，另外，和你说好的那件事…也拜托了。
神里绫华_train_225|还记得我们的协议吗？您守口如瓶，我也会完成答应您的事。|还记得我们的协议吗？您守口如瓶，我也会完成答应您的事。
神里绫华_train_226|「稻妻幕府社奉行神里家」，位于稻妻名门中的笔头之格位。作为三奉行之一，掌管祭祀活动与人文艺术。自从双亲过世之后，族内的大小事务，便由兄长和我承担了。|「稻妻幕府社奉行神里家」，位于稻妻名门中的笔头之格位。作为三奉行之一，掌管祭祀活动与人文艺术。自从双亲过世之后，族内的大小事务，便由兄长和我承担了。
神里绫华_train_227|我母亲笔记中提到，「椿」喜欢异国料理。|我母亲笔记中提到，「椿」喜欢异国料理。
神里绫华_train_228|「绫华？」|「绫华？」
神里绫华_train_229|请问…考虑的如何了？|请问…考虑的如何了？
神里绫华_train_230|如果有机会的话，我想试着和你共度异国的节日。需要遵循的当地风俗、礼仪规范，还有伴手礼的推荐，可以麻烦你…一一指导我吗？|如果有机会的话，我想试着和你共度异国的节日。需要遵循的当地风俗、礼仪规范，还有伴手礼的推荐，可以麻烦你…一一指导我吗？
神里绫华_train_231|雪纷飞。|雪纷飞。
神里绫华_train_232|不，刀座虽然是上好的木料，但摆在上面的却是一把很普通的刀。按照枫原家最后的经济状况，值钱的收藏肯定已经拿去变卖了。|不，刀座虽然是上好的木料，但摆在上面的却是一把很普通的刀。按照枫原家最后的经济状况，值钱的收藏肯定已经拿去变卖了。
神里绫华_train_233|我想…我想请你和我一起去祭典！|我想…我想请你和我一起去祭典！
神里绫华_train_234|你们看，这些是不是我们要找的团子牛奶？|你们看，这些是不是我们要找的团子牛奶？
神里绫华_train_235|说起来，冒昧问下，你们两位是搭档吗？|说起来，冒昧问下，你们两位是搭档吗？
神里绫华_train_236|果然是托马会提出来的建议呢…|果然是托马会提出来的建议呢…
神里绫华_train_237|咳…咳。|咳…咳。
神里绫华_train_238|其实…对绝大部分人而言，眼狩令是一件事不关己的事。|其实…对绝大部分人而言，眼狩令是一件事不关己的事。
神里绫华_train_239|但如果是你的话，一定能体会得到吧？|但如果是你的话，一定能体会得到吧？
神里绫华_train_240|社奉行虽服务于将军，但因职责的缘故，又是与民生最贴近的一方。|社奉行虽服务于将军，但因职责的缘故，又是与民生最贴近的一方。
神里绫华_train_241|这把刀没有开刃，但刀柄上倒有不少使用痕迹，说不定是枫原小时候学习剑术的时候用的。|这把刀没有开刃，但刀柄上倒有不少使用痕迹，说不定是枫原小时候学习剑术的时候用的。
神里绫华_train_242|我也会一直为你祈祷。|我也会一直为你祈祷。
神里绫华_train_243|需要的话，随时可以来找我。|需要的话，随时可以来找我。
神里绫华_train_244|辛苦了，接下来就等早柚的消息吧。|辛苦了，接下来就等早柚的消息吧。
神里绫华_train_245|晚上好。夜风舒畅，会是一个良宵呢。|晚上好。夜风舒畅，会是一个良宵呢。
神里绫华_train_246|嗯，我们也知道这不是长久之计，暴露是没办法的事…但我们绝对不能放弃正胜师傅。|嗯，我们也知道这不是长久之计，暴露是没办法的事…但我们绝对不能放弃正胜师傅。
神里绫华_train_247|只是处理一些小事，马上就来。|只是处理一些小事，马上就来。
神里绫华_train_248|对我来说，母亲是意义非凡的存在。端庄、优雅，无论遇到怎样的局面都会露出沉静的笑容，以从容不迫的态度，操持着神里家大大小小的事务，说母亲是完美的化身也不为过。但自从她离世的那一刻起，我就深切地意识到，我已经不是那个可以躲在母亲身后的小绫华了。|对我来说，母亲是意义非凡的存在。端庄、优雅，无论遇到怎样的局面都会露出沉静的笑容，以从容不迫的态度，操持着神里家大大小小的事务，说母亲是完美的化身也不为过。但自从她离世的那一刻起，我就深切地意识到，我已经不是那个可以躲在母亲身后的小绫华了。
神里绫华_train_249|老板，我们要两个绘马。|老板，我们要两个绘马。
神里绫华_train_250|虽说我曾在书上见过类似说法，但听人亲口说起，还是非常惊讶。|虽说我曾在书上见过类似说法，但听人亲口说起，还是非常惊讶。
神里绫华_train_251|#{NICKNAME}，你好。|#{NICKNAME}，你好。
神里绫华_train_252|我也看到过哦！非常热闹，人很多，灯笼里的火非常明亮，能照亮大片夜空…有时我们还要操心那里的治安问题呢。|我也看到过哦！非常热闹，人很多，灯笼里的火非常明亮，能照亮大片夜空…有时我们还要操心那里的治安问题呢。
神里绫华_train_253|对大御所大人的看法吗？这并不该由我等下属随意议论。但…将军大人她，在追求「永恒」之路上，可能也很孤独吧。|对大御所大人的看法吗？这并不该由我等下属随意议论。但…将军大人她，在追求「永恒」之路上，可能也很孤独吧。
神里绫华_train_254|嗯，派蒙说得对，你许下的心愿一定会实现。|嗯，派蒙说得对，你许下的心愿一定会实现。
神里绫华_train_255|多亏你的点拨。有你相助，我对自己的能力也理解得更透彻了。|多亏你的点拨。有你相助，我对自己的能力也理解得更透彻了。
神里绫华_train_256|只是，以我们的身份，贸然参加祭典或许并不合礼数。尤其在我父母的时代，社奉行与民众的关系还没有那么亲近…|只是，以我们的身份，贸然参加祭典或许并不合礼数。尤其在我父母的时代，社奉行与民众的关系还没有那么亲近…
神里绫华_train_257|或许是吧。对我来说是件好事，毕竟，我也不希望今天的事被太多人知道。|或许是吧。对我来说是件好事，毕竟，我也不希望今天的事被太多人知道。
神里绫华_train_258|奇怪，笔记上说的确实是这里没错啊，难道说…|奇怪，笔记上说的确实是这里没错啊，难道说…
神里绫华_train_259|该决断了…|该决断了…
神里绫华_train_260|那么，至于那些…秘密的事，我们还是移步木漏茶室再做讨论吧？以免牵连社奉行里的一般人。|那么，至于那些…秘密的事，我们还是移步木漏茶室再做讨论吧？以免牵连社奉行里的一般人。
神里绫华_train_261|樱吹雪。|樱吹雪。
神里绫华_train_262|我们靠近一点再做判断吧。|我们靠近一点再做判断吧。
神里绫华_train_263|披萨…？|披萨…？
神里绫华_train_264|能有些喘息时间的话，我也有一些想做的事情…|能有些喘息时间的话，我也有一些想做的事情…
神里绫华_train_265|是的。祭典上有时会售卖异国料理，那些也是她想要尝试的东西。|是的。祭典上有时会售卖异国料理，那些也是她想要尝试的东西。
神里绫华_train_266|他们一直摆出一副无条件支持将军决定的态度，没有任何商讨的意思。|他们一直摆出一副无条件支持将军决定的态度，没有任何商讨的意思。
神里绫华_train_267|早安，旅行者。能像这样在清晨见你一面，我会忍不住觉得…接下来将是顺利的一天。|早安，旅行者。能像这样在清晨见你一面，我会忍不住觉得…接下来将是顺利的一天。
神里绫华_train_268|在作为神明的将军大人眼里，众生也许只是一个个「生命」而已…|在作为神明的将军大人眼里，众生也许只是一个个「生命」而已…
神里绫华_train_269|久违的对手…|久违的对手…
神里绫华_train_270|嗯，我很乐意。不过，话题的话…|嗯，我很乐意。不过，话题的话…
神里绫华_train_271|为我…高兴？|为我…高兴？
神里绫华_train_272|我打算真诚地面对自己的心，完成这个同样属于我的愿望。如果是你的话，一定不会责怪我的任性…|我打算真诚地面对自己的心，完成这个同样属于我的愿望。如果是你的话，一定不会责怪我的任性…
神里绫华_train_273|母亲写到，她一直想参加稻妻本地的民间祭典。她说，天气晴朗的夜晚，自家中向远方眺望，偶尔能看见祭典的灯火。|母亲写到，她一直想参加稻妻本地的民间祭典。她说，天气晴朗的夜晚，自家中向远方眺望，偶尔能看见祭典的灯火。
神里绫华_train_274|没错。你是一个懂得礼节、体恤他人的良善之人，又很可靠，与你一起，我才好放心些。|没错。你是一个懂得礼节、体恤他人的良善之人，又很可靠，与你一起，我才好放心些。
神里绫华_train_275|看来，你大意了呢。|看来，你大意了呢。
神里绫华_train_276|咳咳…不是那种情况啦。|咳咳…不是那种情况啦。
神里绫华_train_277|清点一下吧。|清点一下吧。
神里绫华_train_278|派蒙这么可爱，穿什么衣服都会很可爱的。|派蒙这么可爱，穿什么衣服都会很可爱的。
神里绫华_train_279|难道说，有什么东西在看守着这些团子牛奶…|难道说，有什么东西在看守着这些团子牛奶…
神里绫华_train_280|八重宫司…真让人捉摸不透。|八重宫司…真让人捉摸不透。
神里绫华_train_281|特制的墨水制作起来费时费力，刷涂料的办法也并不轻松。|特制的墨水制作起来费时费力，刷涂料的办法也并不轻松。
神里绫华_train_282|稻妻自古就有不少关于狐狸神使的逸闻哦。|稻妻自古就有不少关于狐狸神使的逸闻哦。
神里绫华_train_283|旁边还有一个稻草人。奇怪，这是用来做什么的？|旁边还有一个稻草人。奇怪，这是用来做什么的？
神里绫华_train_284|我们还是先解决眼下的问题吧。废除眼狩令之后，托马就自由了。|我们还是先解决眼下的问题吧。废除眼狩令之后，托马就自由了。
神里绫华_train_285|谢谢你让我有机会尝试这道菜，我会把它的味道记在心里的。|谢谢你让我有机会尝试这道菜，我会把它的味道记在心里的。
神里绫华_train_286|嗯！友情对我来说很珍贵，我会好好珍惜与你们的这份因缘。|嗯！友情对我来说很珍贵，我会好好珍惜与你们的这份因缘。
神里绫华_train_287|今日，我的运势不错。|今日，我的运势不错。
神里绫华_train_288|「仪式」…？为什么要交给天领奉行那边来办？|「仪式」…？为什么要交给天领奉行那边来办？
神里绫华_train_289|麻烦您了，一共多少钱？|麻烦您了，一共多少钱？
神里绫华_train_290|当我看到这本笔记，就意识到了…她和我完全一样，无论我们背负着怎样的职责，也都只是一介普通人而已。|当我看到这本笔记，就意识到了…她和我完全一样，无论我们背负着怎样的职责，也都只是一介普通人而已。
神里绫华_train_291|两位，有看到托马吗？|两位，有看到托马吗？
神里绫华_train_292|接下来要说的话，可能不太符合「稻妻幕府社奉行神里家」的身份。不过，就我的判断，你应该能容许我小小的任性吧？\n…稍微有点累了…可以让我靠一下你的肩膀吗？一下就好。|接下来要说的话，可能不太符合「稻妻幕府社奉行神里家」的身份。不过，就我的判断，你应该能容许我小小的任性吧？\n…稍微有点累了…可以让我靠一下你的肩膀吗？一下就好。
神里绫华_train_293|就是我的母亲。|就是我的母亲。
神里绫华_train_294|然后就有人猜测，这些不幸其实都是有人暗中操作的结果，有人想要灭绝「雷电五传」。|然后就有人猜测，这些不幸其实都是有人暗中操作的结果，有人想要灭绝「雷电五传」。
神里绫华_train_295|那个…请不要这么夸我，我只是做了任何人都会做的事…|那个…请不要这么夸我，我只是做了任何人都会做的事…
神里绫华_train_296|我是真心的。我…很敬佩你，也为能结交你这样高洁的朋友而骄傲。|我是真心的。我…很敬佩你，也为能结交你这样高洁的朋友而骄傲。
神里绫华_train_297|我想想…|我想想…
神里绫华_train_298|我也这么想哦。|我也这么想哦。
神里绫华_train_299|只是…不知道你习不习惯稻妻的特色服饰…|只是…不知道你习不习惯稻妻的特色服饰…
神里绫华_train_300|以我的立场，出手帮他确实有些怪异。可这些与身份、阶层无关…我只是作为我自己，帮助了一个遇到困难的普通人而已。|以我的立场，出手帮他确实有些怪异。可这些与身份、阶层无关…我只是作为我自己，帮助了一个遇到困难的普通人而已。
神里绫华_train_301|像我这种脾气…如果没有你的话，今天我不会过得这么开心。|像我这种脾气…如果没有你的话，今天我不会过得这么开心。
神里绫华_train_302|也就是心血来潮，想要任性一次…|也就是心血来潮，想要任性一次…
神里绫华_train_303|"#有时我会觉得自己非常能理解你急于找回{MATEAVATAR#SEXPRO[INFO_MALE_PRONOUN_BROTHER|INFO_FEMALE_PRONOUN_SISTER]}的心情。"|"#有时我会觉得自己非常能理解你急于找回{MATEAVATAR#SEXPRO[INFO_MALE_PRONOUN_BROTHER|INFO_FEMALE_PRONOUN_SISTER]}的心情。"
神里绫华_train_304|我只是把你当作…最重要的人。|我只是把你当作…最重要的人。
神里绫华_train_305|还不是因为托马自己也放了很多奇怪的东西，一直在捞自己放进去的食材。|还不是因为托马自己也放了很多奇怪的东西，一直在捞自己放进去的食材。
神里绫华_train_306|这里就是万国商会了。|这里就是万国商会了。
神里绫华_train_307|你们应该见过八重宫司了吧？她就是狐狸神使哦！|你们应该见过八重宫司了吧？她就是狐狸神使哦！
神里绫华_train_308|不可大意。|不可大意。
神里绫华_train_309|平日跟我走得近的只有家人和下属。所以，看见我约你出来吃饭，大家应该会很震惊吧…|平日跟我走得近的只有家人和下属。所以，看见我约你出来吃饭，大家应该会很震惊吧…
神里绫华_train_310|这里是买「绘马」的摊位。稻妻的人们会在名为「绘马」的五边形木板上画下或写下心愿，并祈求它能被实现。|这里是买「绘马」的摊位。稻妻的人们会在名为「绘马」的五边形木板上画下或写下心愿，并祈求它能被实现。
神里绫华_train_311|其结果，是将军错估眼狩令的危害，继续一意孤行。如果能拿到天领奉行的上奏公文，一看便知。|其结果，是将军错估眼狩令的危害，继续一意孤行。如果能拿到天领奉行的上奏公文，一看便知。
神里绫华_train_312|欸。你现在就要走？可以…等我一会吗？稍后我和你一起走。|欸。你现在就要走？可以…等我一会吗？稍后我和你一起走。
神里绫华_train_313|我想做的是…送给「椿」的见面礼。|我想做的是…送给「椿」的见面礼。
神里绫华_train_314|不不，笔记上写了她的住所，我们直接就能过去。我想请旅行者与我一起，是因为还要准备几件见面礼…|不不，笔记上写了她的住所，我们直接就能过去。我想请旅行者与我一起，是因为还要准备几件见面礼…
神里绫华_train_315|托马，你有什么提议吗？|托马，你有什么提议吗？
神里绫华_train_316|你们帮助那几位「朋友」的事，我都已经听说了，真是辛苦你们了。|你们帮助那几位「朋友」的事，我都已经听说了，真是辛苦你们了。
神里绫华_train_317|真想走遍七国，看看别人过着怎样的生活。|真想走遍七国，看看别人过着怎样的生活。
神里绫华_train_318|真的非常感谢您。|真的非常感谢您。
神里绫华_train_319|这正是所谓「王手」。|这正是所谓「王手」。
神里绫华_train_320|…拿下了！|…拿下了！
神里绫华_train_321|呵呵，我们当然也不会把这件事完全甩给你一个人。|呵呵，我们当然也不会把这件事完全甩给你一个人。
神里绫华_train_322|好刺眼…这个是…烟花？|好刺眼…这个是…烟花？
神里绫华_train_323|非常感谢。与你切磋使我受益良多，相信在剑术上也能更进一步。|非常感谢。与你切磋使我受益良多，相信在剑术上也能更进一步。
神里绫华_train_324|什么样的异国食物适合带出门送人呢…？|什么样的异国食物适合带出门送人呢…？
神里绫华_train_325|#确实，如果没有{NICKNAME}的帮忙，这次的救援不可能那么顺利。|#确实，如果没有{NICKNAME}的帮忙，这次的救援不可能那么顺利。
神里绫华_train_326|…真的吗？！|…真的吗？！
神里绫华_train_327|…失礼了。|…失礼了。
神里绫华_train_328|应该就是那位了。|应该就是那位了。
神里绫华_train_329|…嗯！|…嗯！
神里绫华_train_330|稻妻神里流太刀术皆传——神里绫华，参上！\n请多指教哦。|稻妻神里流太刀术皆传——神里绫华，参上！\n请多指教哦。
神里绫华_train_331|好啊，我很期待能与你们交流料理心得。|好啊，我很期待能与你们交流料理心得。
神里绫华_train_332|我想让你尝一尝纯正的稻妻抹茶，随后听听你的评价！|我想让你尝一尝纯正的稻妻抹茶，随后听听你的评价！
神里绫华_train_333|我认为，「椿」…或许是「狐狸神使」！|我认为，「椿」…或许是「狐狸神使」！
神里绫华_train_334|我们回小仓屋，把这匹来之不易的丝绸交给店主吧。|我们回小仓屋，把这匹来之不易的丝绸交给店主吧。
神里绫华_train_335|#{NICKNAME}，请你一定要多加小心。|#{NICKNAME}，请你一定要多加小心。
神里绫华_train_336|烦恼吗？啊，是啊。只要生活在这个世界上，就难免遇到种种不如意的事情。但如果是因为自己的事情，就让周遭的人担心的话…果然，我还是不能说…|烦恼吗？啊，是啊。只要生活在这个世界上，就难免遇到种种不如意的事情。但如果是因为自己的事情，就让周遭的人担心的话…果然，我还是不能说…
神里绫华_train_337|咳咳…不好意思，我有些太过开心了。|咳咳…不好意思，我有些太过开心了。
神里绫华_train_338|那么，我也要这款「绯樱饼」吧。|那么，我也要这款「绯樱饼」吧。
神里绫华_train_339|你要问那个会帮你的人是谁…唔，总之很好认的，你去了就知道了，呵呵。|你要问那个会帮你的人是谁…唔，总之很好认的，你去了就知道了，呵呵。
神里绫华_train_340|我…嗯…我…是真心要和你一起来的。|我…嗯…我…是真心要和你一起来的。
神里绫华_train_341|那么，今天就到这里吧。|那么，今天就到这里吧。
神里绫华_train_342|嗯，没关系的，我在这里等你。|嗯，没关系的，我在这里等你。
神里绫华_train_343|必须要开始准备今后的计划了…|必须要开始准备今后的计划了…
神里绫华_train_344|……|……
神里绫华_train_345|我也想成为会做各地料理的厨房高手…|我也想成为会做各地料理的厨房高手…
神里绫华_train_346|您说笑了。|您说笑了。
神里绫华_train_347|那就拜托了。|那就拜托了。
神里绫华_train_348|连小仓屋都弄不到的高档布料…还有哪里能买到呢？|连小仓屋都弄不到的高档布料…还有哪里能买到呢？
神里绫华_train_349|旅行者，派蒙，抱歉让你们久等了。|旅行者，派蒙，抱歉让你们久等了。
神里绫华_train_350|需要的话，随时可以来找我。|需要的话，随时可以来找我。
神里绫华_train_351|能有些喘息时间的话，我也有一些想做的事情…|能有些喘息时间的话，我也有一些想做的事情…
神里绫华_train_352|嗯…|嗯…
神里绫华_train_353|嗯，接下来的调查和处理就由我们来做，不需要你再担心了。|嗯，接下来的调查和处理就由我们来做，不需要你再担心了。
神里绫华_train_354|不是狐狸神使。|不是狐狸神使。
神里绫华_train_355|不过幸亏有兄长在，现在一切总算是好了起来。|不过幸亏有兄长在，现在一切总算是好了起来。
神里绫华_train_356|当时刚好这位吟游诗人就在旁边，我听他说，这些天你们还发现过其他类似的东西，于是就和他一起来找你们。|当时刚好这位吟游诗人就在旁边，我听他说，这些天你们还发现过其他类似的东西，于是就和他一起来找你们。
神里绫华_train_357|呵呵…今日运势不错。|呵呵…今日运势不错。
神里绫华_train_358|「椿与平时的我既相同又不同，作为椿时，我不是神里华代，而是一个最最平凡的女子。」|「椿与平时的我既相同又不同，作为椿时，我不是神里华代，而是一个最最平凡的女子。」
神里绫华_train_359|不过由于雷电五传并没有完全消失，这种说法最终也只是被当作坊间传闻而已。|不过由于雷电五传并没有完全消失，这种说法最终也只是被当作坊间传闻而已。
神里绫华_train_360|雷电将军会在千手百眼神像前，举办第一百颗神之眼的「狩眼仪式」。|雷电将军会在千手百眼神像前，举办第一百颗神之眼的「狩眼仪式」。
神里绫华_train_361|…太好了，谢谢你们！|…太好了，谢谢你们！
神里绫华_train_362|可别小瞧花见坂那些手艺人的工艺，他们可以打造出肉眼难辨的神之眼仿品。|可别小瞧花见坂那些手艺人的工艺，他们可以打造出肉眼难辨的神之眼仿品。
神里绫华_train_363|嗯…要来交流茶艺心得吗？|嗯…要来交流茶艺心得吗？
神里绫华_train_364|旅行者，派蒙，抱歉耽搁了你们的用餐时间。|旅行者，派蒙，抱歉耽搁了你们的用餐时间。
神里绫华_train_365|可是…|可是…
神里绫华_train_366|……|……
神里绫华_train_367|披萨烤好了吗？|披萨烤好了吗？
神里绫华_train_368|要是有机会…嘿嘿，我还想再去一次。|要是有机会…嘿嘿，我还想再去一次。
神里绫华_train_369|不容小觑呢。|不容小觑呢。
神里绫华_train_370|比如藏匿神之眼的持有者，或者制造假的神之眼来应急。|比如藏匿神之眼的持有者，或者制造假的神之眼来应急。
神里绫华_train_371|旅行者，我有一件给你的礼物。|旅行者，我有一件给你的礼物。
神里绫华_train_372|嗯，我是这么想的。|嗯，我是这么想的。
神里绫华_train_373|不容小觑…|不容小觑…
神里绫华_train_374|我很荣幸，能和你有交流牌技的机会。|我很荣幸，能和你有交流牌技的机会。
神里绫华_train_375|到时早柚就可以顺利潜入天领奉行，拿到公文和其他证据…|到时早柚就可以顺利潜入天领奉行，拿到公文和其他证据…
神里绫华_train_376|也许你们听见这样的话会笑话我不够成熟，但…我确实也有这样的想法。不是作为神里绫华，而是作为一个普通的女孩去生活。|也许你们听见这样的话会笑话我不够成熟，但…我确实也有这样的想法。不是作为神里绫华，而是作为一个普通的女孩去生活。
神里绫华_train_377|午安。茶饭之后，难免略有困倦。是否有兴致下盘棋提神呢？|午安。茶饭之后，难免略有困倦。是否有兴致下盘棋提神呢？
神里绫华_train_378|旅行者想好许什么愿望了吗？|旅行者想好许什么愿望了吗？
神里绫华_train_379|神里绫华，参上。|神里绫华，参上。
神里绫华_train_380|我再在附近调查一下其他东西，如果有发现的话就喊你们。|我再在附近调查一下其他东西，如果有发现的话就喊你们。
神里绫华_train_381|糟糕…我在来这里的路上，听说托马被天领奉行的人抓走了。|糟糕…我在来这里的路上，听说托马被天领奉行的人抓走了。
神里绫华_train_382|啊…一不留神都在聊我的事情。|啊…一不留神都在聊我的事情。
神里绫华_train_383|都怪托马放了很多奇怪的东西，让汤底的味道变得很古怪。|都怪托马放了很多奇怪的东西，让汤底的味道变得很古怪。
神里绫华_train_384|嗯，麻烦您了。|嗯，麻烦您了。
神里绫华_train_385|「椿」的真身…|「椿」的真身…
神里绫华_train_386|不、不是！|不、不是！
神里绫华_train_387|借由作者的眼睛，就能身临其境地看见世间万景。即使是熟悉的风物，也会萌生更深一层的感触。|借由作者的眼睛，就能身临其境地看见世间万景。即使是熟悉的风物，也会萌生更深一层的感触。
神里绫华_train_388|烟花在晚上比较醒目…可以的话，等到<color=#00E1FFFF>晚上</color>再执行计划比较好。|烟花在晚上比较醒目…可以的话，等到<color=#00E1FFFF>晚上</color>再执行计划比较好。
神里绫华_train_389|旅行者，其实…今天是我第一次像这样来祭典玩。|旅行者，其实…今天是我第一次像这样来祭典玩。
神里绫华_train_390|木南小姐，你好。|木南小姐，你好。
神里绫华_train_391|我、我也觉得有点意外…|我、我也觉得有点意外…
神里绫华_train_392|可以看看你的绘马吗？|可以看看你的绘马吗？
神里绫华_train_393|看不清楚，好像有什么东西在动…|看不清楚，好像有什么东西在动…
神里绫华_train_394|旅行者，请将你的力量借给我，我们一定能够…|旅行者，请将你的力量借给我，我们一定能够…
神里绫华_train_395|嗯，我明白哦。|嗯，我明白哦。
神里绫华_train_396|对她来说，正胜师傅并不能直接威胁到眼狩令，所以她才愿意放正胜师傅一马。|对她来说，正胜师傅并不能直接威胁到眼狩令，所以她才愿意放正胜师傅一马。
神里绫华_train_397|不过在那之前，旅行者，派蒙，你们吃饱了吗？|不过在那之前，旅行者，派蒙，你们吃饱了吗？
神里绫华_train_398|烦请赐教。|烦请赐教。
神里绫华_train_399|奉行的权力本就源自于民众的信任，如果对这样的情况坐视不理，又怎能够安寝。|奉行的权力本就源自于民众的信任，如果对这样的情况坐视不理，又怎能够安寝。
神里绫华_train_400|神里流…霜灭！|神里流…霜灭！
神里绫华_train_401|老实说…没有。|老实说…没有。
神里绫华_train_402|与你的经历相比，「社奉行神里家的大小姐」才是不足挂齿的名号…|与你的经历相比，「社奉行神里家的大小姐」才是不足挂齿的名号…
神里绫华_train_403|…呼。|…呼。
神里绫华_train_404|不过，赤人的诗集既然是要呈给将军品鉴的重要物品，肯定会采用两种办法之一才对。|不过，赤人的诗集既然是要呈给将军品鉴的重要物品，肯定会采用两种办法之一才对。
神里绫华_train_405|旅行者，刚才谢谢你出手帮忙。|旅行者，刚才谢谢你出手帮忙。
神里绫华_train_406|这些摊位布置得相当用心呢。|这些摊位布置得相当用心呢。
神里绫华_train_407|这里有别于神里家的布景，移步之间，处处都有新奇感。|这里有别于神里家的布景，移步之间，处处都有新奇感。
神里绫华_train_408|另外，人生在世，谁都不能保证遇到困难时会有人对自己出手相助。|另外，人生在世，谁都不能保证遇到困难时会有人对自己出手相助。
神里绫华_train_409|抱、抱歉…我还以为会很好吃的…|抱、抱歉…我还以为会很好吃的…
神里绫华_train_410|只是吃了一碗拉面…体重应该不会有什么变化吧…|只是吃了一碗拉面…体重应该不会有什么变化吧…
神里绫华_train_411|对了，刚才我在那边试做料理的时候，你们有跟店主闲聊吗？|对了，刚才我在那边试做料理的时候，你们有跟店主闲聊吗？
神里绫华_train_412|说起来，以前妖怪们的庆典，会有什么特别的摊位吗？|说起来，以前妖怪们的庆典，会有什么特别的摊位吗？
神里绫华_train_413|是呀，感觉好久没吃了。|是呀，感觉好久没吃了。
神里绫华_train_414|呼…放松，放松…|呼…放松，放松…
神里绫华_train_415|嗯？这是…|嗯？这是…
神里绫华_train_416|有件事想请你出手相助。|有件事想请你出手相助。
神里绫华_train_417|将军大人她…我虽然见过将军大人的次数很少，大多都是各种祭祀仪式上…|将军大人她…我虽然见过将军大人的次数很少，大多都是各种祭祀仪式上…
神里绫华_train_418|#晚安，{NICKNAME}。|#晚安，{NICKNAME}。
神里绫华_train_419|这样啊…|这样啊…
神里绫华_train_420|感觉更加游刃有余了。处理社奉行事务之余，甚至有空尝试一些新的事情。要来试试最近学做的点心吗？|感觉更加游刃有余了。处理社奉行事务之余，甚至有空尝试一些新的事情。要来试试最近学做的点心吗？
神里绫华_train_421|哈哈哈，这么说来，今天可真是任性的一天呀。|哈哈哈，这么说来，今天可真是任性的一天呀。
神里绫华_train_422|只可惜，现在雷电五传已经只剩下「天目流」仍有师徒传承，「一心传」虽然技艺失传，但所幸还有后人在世。|只可惜，现在雷电五传已经只剩下「天目流」仍有师徒传承，「一心传」虽然技艺失传，但所幸还有后人在世。
神里绫华_train_423|或许对你们来说有些奇怪，但作为我而言，非常能够理解母亲的这种行为。|或许对你们来说有些奇怪，但作为我而言，非常能够理解母亲的这种行为。
神里绫华_train_424|啊，趁这个机会，要不要一起练习一番呢？|啊，趁这个机会，要不要一起练习一番呢？
神里绫华_train_425|抱歉，旅行者…呃、呃…|抱歉，旅行者…呃、呃…
神里绫华_train_426|如你所见，这栋房屋就在餐厅旁边，是店主的私人住宅。|如你所见，这栋房屋就在餐厅旁边，是店主的私人住宅。
神里绫华_train_427|我也想好了。|我也想好了。
神里绫华_train_428|"#你一定能找到{MATEAVATAR#SEXPRO[INFO_MALE_PRONOUN_HE|INFO_FEMALE_PRONOUN_SHE]}的，千万不要放弃。"|"#你一定能找到{MATEAVATAR#SEXPRO[INFO_MALE_PRONOUN_HE|INFO_FEMALE_PRONOUN_SHE]}的，千万不要放弃。"
神里绫华_train_429|嗯，承你吉言。|嗯，承你吉言。
神里绫华_train_430|嗯，兄长说试胆大会「很有趣」，推荐我也来尝试一下。|嗯，兄长说试胆大会「很有趣」，推荐我也来尝试一下。
神里绫华_train_431|不、不是这样的！咳咳…我是说，祭典什么的，在稻妻很是常见，我们社奉行早就习惯了这样的风俗哦。|不、不是这样的！咳咳…我是说，祭典什么的，在稻妻很是常见，我们社奉行早就习惯了这样的风俗哦。
神里绫华_train_432|对不起！突然把你叫出来，其实、其实…我刚才做料理失败了…|对不起！突然把你叫出来，其实、其实…我刚才做料理失败了…
神里绫华_train_433|为了让字迹保存更久，往往不是使用特制的墨水书写，就是在写完后，在纸面刷一层防水的涂料。|为了让字迹保存更久，往往不是使用特制的墨水书写，就是在写完后，在纸面刷一层防水的涂料。
神里绫华_train_434|看起来也是本笔记。|看起来也是本笔记。
神里绫华_train_435|只不过这件事要解释起来有些复杂，还是让我先从「雷电五传」讲起吧。|只不过这件事要解释起来有些复杂，还是让我先从「雷电五传」讲起吧。
神里绫华_train_436|当然试过，可每次废除眼狩令的提案提交到天守阁，都会因天领奉行和勘定奉行两方的否决而作废…|当然试过，可每次废除眼狩令的提案提交到天守阁，都会因天领奉行和勘定奉行两方的否决而作废…
神里绫华_train_437|若说起自然之景，就不得不提起，稻妻的人们相信万物有灵。|若说起自然之景，就不得不提起，稻妻的人们相信万物有灵。
神里绫华_train_438|哼哼，地点是我精心挑选的一家临街餐馆——「木南料亭」。|哼哼，地点是我精心挑选的一家临街餐馆——「木南料亭」。
神里绫华_train_439|你的请求，对我来说很特别呢。既然把你当做朋友，我也应坦诚以待。不过，事关神里家的秘密，还希望你能守口如瓶。|你的请求，对我来说很特别呢。既然把你当做朋友，我也应坦诚以待。不过，事关神里家的秘密，还希望你能守口如瓶。
神里绫华_train_440|作为神里家的家主，兄长平日需要出面诸多场合。我虽尽力分担兄长肩上所负担的责任，却也无法缓和他常年积压在身的疲倦。唉，就当是为了妹妹着想，希望你能劝言，让兄长多多注意身体啊。|作为神里家的家主，兄长平日需要出面诸多场合。我虽尽力分担兄长肩上所负担的责任，却也无法缓和他常年积压在身的疲倦。唉，就当是为了妹妹着想，希望你能劝言，让兄长多多注意身体啊。
神里绫华_train_441|旅行者，你呢？|旅行者，你呢？
神里绫华_train_442|呵呵，兄长平日里总是殚精竭虑，难得能离开公务放松下来。|呵呵，兄长平日里总是殚精竭虑，难得能离开公务放松下来。
神里绫华_train_443|我的也是中吉呢！|我的也是中吉呢！
神里绫华_train_444|对。|对。
神里绫华_train_445|请务必小心…|请务必小心…
神里绫华_train_446|是啊，祭典差不多要结束了。|是啊，祭典差不多要结束了。
神里绫华_train_447|二位，我和兄长都很感谢你们的帮助。|二位，我和兄长都很感谢你们的帮助。
神里绫华_train_448|剑，就和茶一样，细细品味才能理解其中风雅。|剑，就和茶一样，细细品味才能理解其中风雅。
神里绫华_train_449|刀剑抱业，名工怀宝。|刀剑抱业，名工怀宝。
神里绫华_train_450|…嗯，我会…等你们平安回来。|…嗯，我会…等你们平安回来。
神里绫华_train_451|……！|……！
神里绫华_train_452|就算没有人限制我们，社奉行的人突然出现在人群中，大家多少也会投来异样的眼光吧。会想着，我们去那里是要做什么呢？|就算没有人限制我们，社奉行的人突然出现在人群中，大家多少也会投来异样的眼光吧。会想着，我们去那里是要做什么呢？
神里绫华_train_453|话虽如此，也请不要太过担心。这次不是来自社奉行或神里家的委托，而是以我个人名义发起的请求。|话虽如此，也请不要太过担心。这次不是来自社奉行或神里家的委托，而是以我个人名义发起的请求。
神里绫华_train_454|嗯…|嗯…
神里绫华_train_455|好啊，请问多少钱抽一次？|好啊，请问多少钱抽一次？
神里绫华_train_456|雷鸣、凄光、狂风、骤雨…它们的到来也永远不会顾及凡人的感受。|雷鸣、凄光、狂风、骤雨…它们的到来也永远不会顾及凡人的感受。
神里绫华_train_457|虽然不是不能吃，但我对动物脂肪或内脏大概会有点…|虽然不是不能吃，但我对动物脂肪或内脏大概会有点…
神里绫华_train_458|不不，该是多少钱就是多少钱。|不不，该是多少钱就是多少钱。
神里绫华_train_459|为「天领奉行」工作的九条裟罗…她总是一脸严肃。我和她曾经起过几次争端，不过她本质是忠义之士，这点无可否认。|为「天领奉行」工作的九条裟罗…她总是一脸严肃。我和她曾经起过几次争端，不过她本质是忠义之士，这点无可否认。
神里绫华_train_460|所以目前为止，我们能做的只是想办法减少眼狩令的损失。|所以目前为止，我们能做的只是想办法减少眼狩令的损失。
神里绫华_train_461|祭典还没有关闭，只是人不多了…我们得抓紧游玩。|祭典还没有关闭，只是人不多了…我们得抓紧游玩。
神里绫华_train_462|嗯，我明白。|嗯，我明白。
神里绫华_train_463|那么我们现在过去吧？|那么我们现在过去吧？
神里绫华_train_464|奇怪，里面是空的…再看看别处吧。|奇怪，里面是空的…再看看别处吧。
神里绫华_train_465|噗…哈哈，小派蒙可真是风趣，托马作为我的近仆之前，更优先是我的朋友哦。|噗…哈哈，小派蒙可真是风趣，托马作为我的近仆之前，更优先是我的朋友哦。
神里绫华_train_466|你说「也」的意思是…|你说「也」的意思是…
神里绫华_train_467|「鹤衔来<color=#00E1FFFF>一</color>朵装饰发梢的鲜花，白兔将<color=#00E1FFFF>四</color>片月光缝成裙摆，我打扮得当，<color=#00E1FFFF>向着东方</color>喊了<color=#00E1FFFF>七</color>声椿的名字，转眼便站在去往她家的小径上。」|「鹤衔来<color=#00E1FFFF>一</color>朵装饰发梢的鲜花，白兔将<color=#00E1FFFF>四</color>片月光缝成裙摆，我打扮得当，<color=#00E1FFFF>向着东方</color>喊了<color=#00E1FFFF>七</color>声椿的名字，转眼便站在去往她家的小径上。」
神里绫华_train_468|可是，接下来要去好好工作哦，知道吗？不要再让鹿野奈奈担心了。|可是，接下来要去好好工作哦，知道吗？不要再让鹿野奈奈担心了。
神里绫华_train_469|嗯，也谢谢您的丝绸，久利须先生。|嗯，也谢谢您的丝绸，久利须先生。
神里绫华_train_470|是的，我的愿望是稻妻的大家平安幸福，家人朋友都能身体健康。|是的，我的愿望是稻妻的大家平安幸福，家人朋友都能身体健康。
神里绫华_train_471|「山茶落花，零落于昨日旧雨。」|「山茶落花，零落于昨日旧雨。」
神里绫华_train_472|在此之前，我还有一个小小的请求，能不能…|在此之前，我还有一个小小的请求，能不能…
神里绫华_train_473|那些浪人匆忙地逃走了，看起来什么都来不及带走。所以我想，您丢失的货物都在这里了哦。|那些浪人匆忙地逃走了，看起来什么都来不及带走。所以我想，您丢失的货物都在这里了哦。
神里绫华_train_474|唔…|唔…
神里绫华_train_475|我没办法判断消息是真是假，就立刻跑过来确认。如果托马没有按照约定出现在这里，意味着传闻大概率是真的。|我没办法判断消息是真是假，就立刻跑过来确认。如果托马没有按照约定出现在这里，意味着传闻大概率是真的。
神里绫华_train_476|也不知由他们领导的反抗军，是否别有所图呢…|也不知由他们领导的反抗军，是否别有所图呢…
神里绫华_train_477|「神之眼」，即是胸怀大志之人所获的印绶。如果问我有什么志向的话…这个还是保密吧，只是一个微不足道的梦想罢了。|「神之眼」，即是胸怀大志之人所获的印绶。如果问我有什么志向的话…这个还是保密吧，只是一个微不足道的梦想罢了。
神里绫华_train_478|见证了「无想的一刀」并且活了下来，该说是堪称伟业的经历了吧。虽然对我来说，她是真正的神明，一念之间可以更改稻妻的命运，但如果是和你起了冲突的话…我一定会站在你这一边的。|见证了「无想的一刀」并且活了下来，该说是堪称伟业的经历了吧。虽然对我来说，她是真正的神明，一念之间可以更改稻妻的命运，但如果是和你起了冲突的话…我一定会站在你这一边的。
神里绫华_train_479|各位，请随我到事发地点进行调查。|各位，请随我到事发地点进行调查。
神里绫华_train_480|好香…旅行者，你做料理真有一手。|好香…旅行者，你做料理真有一手。
神里绫华_train_481|而且，其实她心里一直都记得老师对她的期待，不然，她真的这么讨厌工作的话，那早就退出终末番了。|而且，其实她心里一直都记得老师对她的期待，不然，她真的这么讨厌工作的话，那早就退出终末番了。
神里绫华_train_482|旅行者，派蒙，请留步。|旅行者，派蒙，请留步。
神里绫华_train_483|母亲说，她不想让别人感到拘谨，希望大家尽情享受祭典的快乐与自由…她不愿打扰别人，也没有那么多闲暇，便一次都没有去过了。|母亲说，她不想让别人感到拘谨，希望大家尽情享受祭典的快乐与自由…她不愿打扰别人，也没有那么多闲暇，便一次都没有去过了。
神里绫华_train_484|情况基本弄清楚了，小川先生好像是受到了海乱鬼的胁迫，并不是真的想要伏击你。|情况基本弄清楚了，小川先生好像是受到了海乱鬼的胁迫，并不是真的想要伏击你。
神里绫华_train_485|我想继续在林间闲逛一段时间，你们要一起来吗？|我想继续在林间闲逛一段时间，你们要一起来吗？
神里绫华_train_486|着装是门非常高深的学问，我也还在努力学习。|着装是门非常高深的学问，我也还在努力学习。
神里绫华_train_487|……|……
神里绫华_train_488|我也是这样想的，但劫狱的事…碍于我和托马社奉行的身份，一旦暴露便会牵连整个神里家，恐怕此后的行动也再难有庇护。|我也是这样想的，但劫狱的事…碍于我和托马社奉行的身份，一旦暴露便会牵连整个神里家，恐怕此后的行动也再难有庇护。
神里绫华_train_489|她、她有没有说什么…有关我的事？|她、她有没有说什么…有关我的事？
神里绫华_train_490|虽说有些冷清，但只有我们两人的话，反而可以放下负担，轻松地享受另一种风味的「祭典」了。|虽说有些冷清，但只有我们两人的话，反而可以放下负担，轻松地享受另一种风味的「祭典」了。
神里绫华_train_491|无礼的家伙…|无礼的家伙…
神里绫华_train_492|如果我被吓到的话，还请不要取笑…|如果我被吓到的话，还请不要取笑…
神里绫华_train_493|唔…|唔…
神里绫华_train_494|啊啊，请不要笑话我！我、我也曾担心过那些事…不过，已经不要紧了。|啊啊，请不要笑话我！我、我也曾担心过那些事…不过，已经不要紧了。
神里绫华_train_495|虽然，里面的内容跟我想的完全不同就是了…|虽然，里面的内容跟我想的完全不同就是了…
神里绫华_train_496|她只是…有些迷茫吧，我很想帮她一把。|她只是…有些迷茫吧，我很想帮她一把。
神里绫华_train_497|他是我的朋友，明明不久之前，我们大家还一起…|他是我的朋友，明明不久之前，我们大家还一起…
神里绫华_train_498|「坦率」，真的是一件很难的事情。我必须不断告诫自己是神里家的大小姐，在无数双眼睛，无数人的期盼之下摆出完美无缺的姿态。这样的我，是否也该追求自己的愿望呢，是否也该…让你理解我的心意呢…|「坦率」，真的是一件很难的事情。我必须不断告诫自己是神里家的大小姐，在无数双眼睛，无数人的期盼之下摆出完美无缺的姿态。这样的我，是否也该追求自己的愿望呢，是否也该…让你理解我的心意呢…
神里绫华_train_499|呵呵…谢谢你那么为我着想，但请你也不要因此勉强自己。|呵呵…谢谢你那么为我着想，但请你也不要因此勉强自己。
神里绫华_train_500|真是绝妙的一着。|真是绝妙的一着。
神里绫华_train_501|我有一些顾虑，所以…希望您能为我保密。|我有一些顾虑，所以…希望您能为我保密。
神里绫华_train_502|#就算是{NICKNAME}放的正常食材，我尝起来都怪怪的，好几次都没猜对。|#就算是{NICKNAME}放的正常食材，我尝起来都怪怪的，好几次都没猜对。
神里绫华_train_503|「尝有所思，斯世如磐；孰料浮世事，留驻难。」\n…抱歉，明明是值得高兴的时候，我却想起了那么悲伤的诗歌。和你相处的时间过于畅怀，竟然让我害怕再次失去。真是…失态了呀。|「尝有所思，斯世如磐；孰料浮世事，留驻难。」\n…抱歉，明明是值得高兴的时候，我却想起了那么悲伤的诗歌。和你相处的时间过于畅怀，竟然让我害怕再次失去。真是…失态了呀。
神里绫华_train_504|嗯！那旅行者，我们走吧？|嗯！那旅行者，我们走吧？
神里绫华_train_505|没错，请尽可能地帮助他们，我会在这里等你们回来。|没错，请尽可能地帮助他们，我会在这里等你们回来。
神里绫华_train_506|哇…你运气真好啊。|哇…你运气真好啊。
神里绫华_train_507|所以，祭典固然开心热闹，对我们来说却是一件值得操心的事。|所以，祭典固然开心热闹，对我们来说却是一件值得操心的事。
神里绫华_train_508|仔细看看，眼前依旧是我熟悉的镇守之森。体验过之后，似乎就没那么可怕了。|仔细看看，眼前依旧是我熟悉的镇守之森。体验过之后，似乎就没那么可怕了。
神里绫华_train_509|我会珍惜这一份幸运。|我会珍惜这一份幸运。
神里绫华_train_510|#{NICKNAME}，是你啊，我正在调查这具刀座。|#{NICKNAME}，是你啊，我正在调查这具刀座。
神里绫华_train_511|不过话说回来，将军忽然做出眼狩令这样的决定，又是否有什么来由呢…|不过话说回来，将军忽然做出眼狩令这样的决定，又是否有什么来由呢…
神里绫华_train_512|"#可是第一次你帮助{PLAYERAVATAR#SEXPRO[INFO_MALE_PRONOUN_HE|INFO_FEMALE_PRONOUN_SHE]}的时候，你做得很不错，对吧？"|"#可是第一次你帮助{PLAYERAVATAR#SEXPRO[INFO_MALE_PRONOUN_HE|INFO_FEMALE_PRONOUN_SHE]}的时候，你做得很不错，对吧？"
神里绫华_train_513|…你真好。|…你真好。
神里绫华_train_514|曾经，神里家因为没能保护好国宝级别的刀工，遭受了不小的冲击。受愚人众阴谋算计，我们折损了诸多臣下，受到许多责罚。父亲甚至因之早衰，神里家在幕府中的地位也一落千丈…好在兄长继任后力挽狂澜。不过，家门虽已复兴，社奉行一系也上下齐心，但大事要事方面，仍靠兄长定夺。|曾经，神里家因为没能保护好国宝级别的刀工，遭受了不小的冲击。受愚人众阴谋算计，我们折损了诸多臣下，受到许多责罚。父亲甚至因之早衰，神里家在幕府中的地位也一落千丈…好在兄长继任后力挽狂澜。不过，家门虽已复兴，社奉行一系也上下齐心，但大事要事方面，仍靠兄长定夺。
神里绫华_train_515|到这里就可以了。|到这里就可以了。
神里绫华_train_516|但现在抄袭的那篇诗作上，不仅缺少赤人的印章，字迹在遇水后的状况也和其他纸面大不相同。|但现在抄袭的那篇诗作上，不仅缺少赤人的印章，字迹在遇水后的状况也和其他纸面大不相同。
神里绫华_train_517|派蒙，在过去印刷尚不发达的年代，手写在书上的文字很容易因为受潮变模糊。|派蒙，在过去印刷尚不发达的年代，手写在书上的文字很容易因为受潮变模糊。
神里绫华_train_518|我觉得，至少这是一种很浪漫的想法。|我觉得，至少这是一种很浪漫的想法。
神里绫华_train_519|哇…你运气真好啊。|哇…你运气真好啊。
神里绫华_train_520|若是朝这个方向推测，稻妻大地上或许还有其他不为人知的狐狸神使…而那位「椿」，也许就是其中一员。|若是朝这个方向推测，稻妻大地上或许还有其他不为人知的狐狸神使…而那位「椿」，也许就是其中一员。
神里绫华_train_521|应该…是的，将军和天领奉行的人准备以第一百颗神之眼的「狩眼仪式」，来证明眼狩令的阶段性成果。|应该…是的，将军和天领奉行的人准备以第一百颗神之眼的「狩眼仪式」，来证明眼狩令的阶段性成果。
神里绫华_train_522|「以下所有，仅仅是一个普通的我所记录的生活琐事罢了。」|「以下所有，仅仅是一个普通的我所记录的生活琐事罢了。」
神里绫华_train_523|说起来，我和旅行者有点像呢，都有兄长。|说起来，我和旅行者有点像呢，都有兄长。
神里绫华_train_524|啊，是真的吗！|啊，是真的吗！
神里绫华_train_525|我听说你曾祖父枫原义庆年轻时十分勤勉，可后来却不再过问锻造技艺。看来，当年的失败对他打击很大。|我听说你曾祖父枫原义庆年轻时十分勤勉，可后来却不再过问锻造技艺。看来，当年的失败对他打击很大。
神里绫华_train_526|我想，这也许是因为，我心底深处并不认为一个民生遭到阻碍的社会可以被称为绝对的「正确」吧…|我想，这也许是因为，我心底深处并不认为一个民生遭到阻碍的社会可以被称为绝对的「正确」吧…
神里绫华_train_527|那太好了，我本就想趁这次机会请二位到处走走。若你们不嫌弃，就请跟我一起行动吧。|那太好了，我本就想趁这次机会请二位到处走走。若你们不嫌弃，就请跟我一起行动吧。
神里绫华_train_528|闭上眼睛，向着风吹来的方向…怎么样，很舒服吧？|闭上眼睛，向着风吹来的方向…怎么样，很舒服吧？
神里绫华_train_529|我一直很期待二位的到来，从托马的转述中，也确信了二位所拥有的「改变时局」的力量。|我一直很期待二位的到来，从托马的转述中，也确信了二位所拥有的「改变时局」的力量。
神里绫华_train_530|但…这是不对的。|但…这是不对的。
神里绫华_train_531|像这样悠闲安稳的时光，如果再多一点就好了…我真贪心啊。|像这样悠闲安稳的时光，如果再多一点就好了…我真贪心啊。
神里绫华_train_532|此事影响深远，直至家主之位传到我父亲手上，神里家也依旧没能恢复当初的名望。|此事影响深远，直至家主之位传到我父亲手上，神里家也依旧没能恢复当初的名望。
神里绫华_train_533|啊、啊…等一下！请先…先别走…|啊、啊…等一下！请先…先别走…
神里绫华_train_534|唔！绯樱饼好好吃…！|唔！绯樱饼好好吃…！
神里绫华_train_535|那些都是实话，我这个人…朋友确实比较少。|那些都是实话，我这个人…朋友确实比较少。
神里绫华_train_536|现在去的话，应该还能赶上。|现在去的话，应该还能赶上。
神里绫华_train_537|您过奖了，我和兄长大人也只是完成应尽的义务而已。|您过奖了，我和兄长大人也只是完成应尽的义务而已。
神里绫华_train_538|每逢时节，稻妻的居民都会参加祭典，相对的，治安难度也会增加…|每逢时节，稻妻的居民都会参加祭典，相对的，治安难度也会增加…
神里绫华_train_539|请随我来！只要走一小段路，不会耽搁你太长时间的哦。\n打听到你的生日之后，我就提前了一段时间开始筹备。比起名贵的礼物，我妄自猜测…或许这样的礼物会更合我们的情谊。此次，就请让我以扇舞为礼吧。\n那么，失礼了。|请随我来！只要走一小段路，不会耽搁你太长时间的哦。\n打听到你的生日之后，我就提前了一段时间开始筹备。比起名贵的礼物，我妄自猜测…或许这样的礼物会更合我们的情谊。此次，就请让我以扇舞为礼吧。\n那么，失礼了。
神里绫华_train_540|听说最后一天客流量相对比较少，摊贩们有时也会提前收摊。|听说最后一天客流量相对比较少，摊贩们有时也会提前收摊。
神里绫华_train_541|大家都相信，有些事情是只有你才能完成的。|大家都相信，有些事情是只有你才能完成的。
神里绫华_train_542|那个…还请忘记…|那个…还请忘记…
神里绫华_train_543|嗯？是你啊，还有早柚和小川先生，有什么事吗？|嗯？是你啊，还有早柚和小川先生，有什么事吗？
神里绫华_train_544|宅邸中的道场，就像摆放在茶桌边的佩剑，时刻提醒着我，不能怠懈。|宅邸中的道场，就像摆放在茶桌边的佩剑，时刻提醒着我，不能怠懈。
神里绫华_train_545|嗯。不过，虽然是以个人身份出面处理这次的事，但我的一言一行，多少都会关系到社奉行与神里家的形象。|嗯。不过，虽然是以个人身份出面处理这次的事，但我的一言一行，多少都会关系到社奉行与神里家的形象。
神里绫华_train_546|是呀。刚刚受到的惊吓，仿佛被团子牛奶治愈了…|是呀。刚刚受到的惊吓，仿佛被团子牛奶治愈了…
神里绫华_train_547|请赐教…嘿嘿。|请赐教…嘿嘿。
神里绫华_train_548|请，请稍等…|请，请稍等…
神里绫华_train_549|那么我们先去取衣物，然后就请二位随我一同见证存在于稻妻的神秘高人吧。|那么我们先去取衣物，然后就请二位随我一同见证存在于稻妻的神秘高人吧。
神里绫华_train_550|今日碧空如洗，鸟声啁啾。你的旅途一定也会平安顺遂。|今日碧空如洗，鸟声啁啾。你的旅途一定也会平安顺遂。
神里绫华_train_551|哎？直接把菜谱分享给我真的没关系吗？不、不是会涉及到商业机密…什么的…|哎？直接把菜谱分享给我真的没关系吗？不、不是会涉及到商业机密…什么的…
神里绫华_train_552|也只能相信八重宫司了。她与将军关系密切，或许会有办法…|也只能相信八重宫司了。她与将军关系密切，或许会有办法…
神里绫华_train_553|我还有…未竟之事…|我还有…未竟之事…
神里绫华_train_554|久利须先生，请您将货物被劫的时间、地点以及抢劫者的特征告诉我。|久利须先生，请您将货物被劫的时间、地点以及抢劫者的特征告诉我。
神里绫华_train_555|让家族…蒙羞了…|让家族…蒙羞了…
神里绫华_train_556|抱、抱歉…我还以为会很好吃的…|抱、抱歉…我还以为会很好吃的…
神里绫华_train_557|如果我被吓到的话，还请不要取笑…|如果我被吓到的话，还请不要取笑…
神里绫华_train_558|我曾在书中学习过，蒙德和璃月都有着独特的茶文化。|我曾在书中学习过，蒙德和璃月都有着独特的茶文化。
神里绫华_train_559|嗯？派蒙想问什么？|嗯？派蒙想问什么？
神里绫华_train_560|明明是可以高价售卖的东西，却愿意这样无私奉献…|明明是可以高价售卖的东西，却愿意这样无私奉献…
神里绫华_train_561|所以，这种偶尔的粗心大意，对于我和托马来说，反而很可贵呢。|所以，这种偶尔的粗心大意，对于我和托马来说，反而很可贵呢。
神里绫华_train_562|前几天，我从旧物堆里找到一本母亲留下的笔记。|前几天，我从旧物堆里找到一本母亲留下的笔记。
神里绫华_train_563|不能白白让你帮我的忙，这个…送给你。|不能白白让你帮我的忙，这个…送给你。
神里绫华_train_564|与我对局时，你难道分心了吗？|与我对局时，你难道分心了吗？
神里绫华_train_565|之所以深，是因为携带了沉重的货物吧。|之所以深，是因为携带了沉重的货物吧。
神里绫华_train_566|以您和万国商会的立场，我建议…平日还是多加小心，以免蒙受不必要的损失。|以您和万国商会的立场，我建议…平日还是多加小心，以免蒙受不必要的损失。
神里绫华_train_567|货物的具体内容是什么？|货物的具体内容是什么？
神里绫华_train_568|明明还想趁着跟你聊天的机会，多了解你一些的…|明明还想趁着跟你聊天的机会，多了解你一些的…
神里绫华_train_569|我很能理解她心中的矛盾，不过所幸的是，她的时间还有很多，不用着急。|我很能理解她心中的矛盾，不过所幸的是，她的时间还有很多，不用着急。
神里绫华_train_570|嗯，许多已经失去或者害怕失去神之眼的人，都在海祇岛的珊瑚宫麾下组成了反抗组织。|嗯，许多已经失去或者害怕失去神之眼的人，都在海祇岛的珊瑚宫麾下组成了反抗组织。
神里绫华_train_571|我曾以为将军对此事并不在意，但现在来看，或许是天领奉行给将军的<color=#00E1FFFF>「上奏公文」</color>，从一开始就有问题。|我曾以为将军对此事并不在意，但现在来看，或许是天领奉行给将军的<color=#00E1FFFF>「上奏公文」</color>，从一开始就有问题。
神里绫华_train_572|"#可是第一次你帮助{PLAYERAVATAR#SEXPRO[INFO_MALE_PRONOUN_HE|INFO_FEMALE_PRONOUN_SHE]}的时候，你做得很不错，对吧？"|"#可是第一次你帮助{PLAYERAVATAR#SEXPRO[INFO_MALE_PRONOUN_HE|INFO_FEMALE_PRONOUN_SHE]}的时候，你做得很不错，对吧？"
神里绫华_train_573|抱歉…真是失态啊。|抱歉…真是失态啊。
神里绫华_train_574|操办节庆庆典是社奉行和巫女众的责任，那位烟火专家也的确能让气氛热烈起来，彼此合作多了，因而渐渐熟络。\n嗯？治安和消防问题吗？我们也会一并纳入预先规划的。因为这些原因而看不到烟花，才会让人们心中留下缺憾吧。|操办节庆庆典是社奉行和巫女众的责任，那位烟火专家也的确能让气氛热烈起来，彼此合作多了，因而渐渐熟络。\n嗯？治安和消防问题吗？我们也会一并纳入预先规划的。因为这些原因而看不到烟花，才会让人们心中留下缺憾吧。
神里绫华_train_575|啊等等…请等一下。|啊等等…请等一下。
神里绫华_train_576|曾经这里是将军赐予社奉行的封地，唯社奉行的神里家才能规划、建设、修缮，甚至管理出入人员。|曾经这里是将军赐予社奉行的封地，唯社奉行的神里家才能规划、建设、修缮，甚至管理出入人员。
神里绫华_train_577|别担心。已经体验过一次，我应该不会那么轻易被吓到了。回见，祝你们聊得开心。|别担心。已经体验过一次，我应该不会那么轻易被吓到了。回见，祝你们聊得开心。
神里绫华_train_578|……|……
神里绫华_train_579|或者…换一种说法，要来尝尝我亲手做的抹茶吗？|或者…换一种说法，要来尝尝我亲手做的抹茶吗？
神里绫华_train_580|做好准备的话，就到花见坂去吧，那里有一家叫做「长野原」的烟花店，你会找到可以帮你的人的。|做好准备的话，就到花见坂去吧，那里有一家叫做「长野原」的烟花店，你会找到可以帮你的人的。
神里绫华_train_581|您好，我这边有份服装设计图纸，想劳烦您看一看。|您好，我这边有份服装设计图纸，想劳烦您看一看。
神里绫华_train_582|但说起对茶的研习，稻妻人也有一番心得。|但说起对茶的研习，稻妻人也有一番心得。
神里绫华_train_583|嗯，对风雅之物的喜爱，最初是因为家教的缘故。|嗯，对风雅之物的喜爱，最初是因为家教的缘故。
神里绫华_train_584|可是…|可是…
神里绫华_train_585|…想必也会加深我对茶道的理解吧。|…想必也会加深我对茶道的理解吧。
神里绫华_train_586|能不能跟我到那边去，有件事…想麻烦你。|能不能跟我到那边去，有件事…想麻烦你。
神里绫华_train_587|呵呵，多谢二位。|呵呵，多谢二位。
神里绫华_train_588|嗯，如果天领奉行那边真如托马所说在忙于筹备什么，那就这么办好了。|嗯，如果天领奉行那边真如托马所说在忙于筹备什么，那就这么办好了。
神里绫华_train_589|呵呵，那就拜托了。|呵呵，那就拜托了。
神里绫华_train_590|所以，我并不讨厌打扮哦。|所以，我并不讨厌打扮哦。
神里绫华_train_591|家人和亲缘，是我们谁都无法杜绝的羁绊…是我们在这个世界上最重要的「根」。|家人和亲缘，是我们谁都无法杜绝的羁绊…是我们在这个世界上最重要的「根」。
神里绫华_train_592|你也是吗？太好了！|你也是吗？太好了！
神里绫华_train_593|不不…你过奖了，我只是完成应尽之事。|不不…你过奖了，我只是完成应尽之事。
神里绫华_train_594|而这样的事，就算一直无视下去，它都不会消失。你的老师将忍术传授给你，就是为了让你能应对这样的任务。|而这样的事，就算一直无视下去，它都不会消失。你的老师将忍术传授给你，就是为了让你能应对这样的任务。
神里绫华_train_595|作为…咳！作为朋友，我会一直守望、支持你。|作为…咳！作为朋友，我会一直守望、支持你。
神里绫华_train_596|枫原，为什么要带我们来这片海边？|枫原，为什么要带我们来这片海边？
神里绫华_train_597|虽然不能走公务流程，但我可以帮您找回丢失的货物。|虽然不能走公务流程，但我可以帮您找回丢失的货物。
神里绫华_train_598|真是太失态了…|真是太失态了…
神里绫华_train_599|……|……
神里绫华_train_600|啊，是你们。麻烦加两碗拉面。|啊，是你们。麻烦加两碗拉面。
神里绫华_train_601|我最近会去和兄长商议一下，调查这个叫国崩之人的身份。我们会慎重行动，各位可以放心。|我最近会去和兄长商议一下，调查这个叫国崩之人的身份。我们会慎重行动，各位可以放心。
神里绫华_train_602|手下留情的话，是赢不过我的哦？|手下留情的话，是赢不过我的哦？
神里绫华_train_603|嗯，我也这么想。|嗯，我也这么想。
神里绫华_train_604|既然旅行者都这么说…那我也不客气了，老板，我们要抽签。|既然旅行者都这么说…那我也不客气了，老板，我们要抽签。
神里绫华_train_605|而那第一百颗神之眼的持有者…也就是即将被公开狩眼的对象，恐怕…就是托马。|而那第一百颗神之眼的持有者…也就是即将被公开狩眼的对象，恐怕…就是托马。
神里绫华_train_606|呜…果然说了吧！她、她是不是…|呜…果然说了吧！她、她是不是…
神里绫华_train_607|每当细细揣摩之时，我常常能够感受到作者的情思。|每当细细揣摩之时，我常常能够感受到作者的情思。
神里绫华_train_608|请…别离我太远…|请…别离我太远…
神里绫华_train_609|真可爱呢。|真可爱呢。
神里绫华_train_610|唉…|唉…
神里绫华_train_611|不，我…|不，我…
神里绫华_train_612|听说「七圣召唤」十分有趣，卡牌上的图案也很精美，用来收藏也许不错呢。|听说「七圣召唤」十分有趣，卡牌上的图案也很精美，用来收藏也许不错呢。
神里绫华_train_613|如今的稻妻，在眼狩令的推行下，民众的愿望正在被肆意蹂躏践踏。|如今的稻妻，在眼狩令的推行下，民众的愿望正在被肆意蹂躏践踏。
神里绫华_train_614|其实是刚才，我去容彩祭会场安排插花课程的事，在花架上发现了一张神秘的纸片。|其实是刚才，我去容彩祭会场安排插花课程的事，在花架上发现了一张神秘的纸片。
神里绫华_train_615|晚安，旅行者。|晚安，旅行者。
神里绫华_train_616|至于珊瑚宫…海祇岛的珊瑚宫自古便和鸣神岛的幕府存在着信仰上的冲突。|至于珊瑚宫…海祇岛的珊瑚宫自古便和鸣神岛的幕府存在着信仰上的冲突。
神里绫华_train_617|谢谢你，今天对我来说是个意义重大的日子，我会永远铭记在心。|谢谢你，今天对我来说是个意义重大的日子，我会永远铭记在心。
神里绫华_train_618|在你们身旁，不自觉地就会安心下来。啊，当然，如果你们想和其他人一组，也没有关系…|在你们身旁，不自觉地就会安心下来。啊，当然，如果你们想和其他人一组，也没有关系…
神里绫华_train_619|派蒙过奖了。如果看见它能让你们想起我，自然是再好不过。|派蒙过奖了。如果看见它能让你们想起我，自然是再好不过。
神里绫华_train_620|如果有什么东西，能够暂时引开那些守卫就好了。|如果有什么东西，能够暂时引开那些守卫就好了。
神里绫华_train_621|这也是没办法的事…时间已经不多了，仪式就要开始，我不能就这样放弃托马。|这也是没办法的事…时间已经不多了，仪式就要开始，我不能就这样放弃托马。
神里绫华_train_622|呀，时间差不多了哦。|呀，时间差不多了哦。
神里绫华_train_623|…谢谢您，回去以后我一定会认真学习制作这种美味点心的方法。|…谢谢您，回去以后我一定会认真学习制作这种美味点心的方法。
神里绫华_train_624|怎么说我也是神里家的大小姐。单凭勘定奉行的各位，应该还没有资格追究我的行为。|怎么说我也是神里家的大小姐。单凭勘定奉行的各位，应该还没有资格追究我的行为。
神里绫华_train_625|试问，常说「禅茶一味」，又说「剑禅一如」，那么剑和茶，又是什么关系呢？|试问，常说「禅茶一味」，又说「剑禅一如」，那么剑和茶，又是什么关系呢？
神里绫华_train_626|啊！我…咳咳，您好呀。|啊！我…咳咳，您好呀。
神里绫华_train_627|看来，我们走错了呢…|看来，我们走错了呢…
神里绫华_train_628|我想，我应当和你们分享这本笔记的真相。|我想，我应当和你们分享这本笔记的真相。
神里绫华_train_629|怎么样？我的舞蹈…还可以吗？|怎么样？我的舞蹈…还可以吗？
神里绫华_train_630|失态了…|失态了…
神里绫华_train_631|失礼了。|失礼了。
神里绫华_train_632|说来有些冒昧，但…真没想到我的妈妈也有这么少女心的一面呢，哈哈哈。|说来有些冒昧，但…真没想到我的妈妈也有这么少女心的一面呢，哈哈哈。
神里绫华_train_633|这是…|这是…
神里绫华_train_634|旅行者，派蒙，我们去万国商会碰碰运气吧。|旅行者，派蒙，我们去万国商会碰碰运气吧。
神里绫华_train_635|能和最重要的人共享茶艺的乐趣，像发生在梦里一样…|能和最重要的人共享茶艺的乐趣，像发生在梦里一样…
神里绫华_train_636|这次要去见「椿」，我便想着，是不是做一份异国料理带给对方比较好…|这次要去见「椿」，我便想着，是不是做一份异国料理带给对方比较好…
神里绫华_train_637|哎？可以吗？|哎？可以吗？
神里绫华_test_0|#好了，既然这里可以畅所欲言，那么{NICKNAME}还有什么问题要问吗？|#好了，既然这里可以畅所欲言，那么{NICKNAME}还有什么问题要问吗？
神里绫华_test_1|能让衣服衬托自身气质，成为自己身体的延伸…是一件非常棒的事。|能让衣服衬托自身气质，成为自己身体的延伸…是一件非常棒的事。
神里绫华_test_2|或许，真是太久没见她了吧。不知不觉中，就连我的记忆里也几乎只剩下母亲威严和高贵的一面。|或许，真是太久没见她了吧。不知不觉中，就连我的记忆里也几乎只剩下母亲威严和高贵的一面。
神里绫华_test_3|果然，优秀的旅行者都有一套自己的行事准则与着装风格呢。|果然，优秀的旅行者都有一套自己的行事准则与着装风格呢。
神里绫华_test_4|早柚这孩子，最近有没有给你添什么麻烦呢？如果看见她偷懒，可以直接告诉我。|早柚这孩子，最近有没有给你添什么麻烦呢？如果看见她偷懒，可以直接告诉我。
神里绫华_test_5|她把无法实现的事寄托在「椿」身上，而我…已经下定决心了。|她把无法实现的事寄托在「椿」身上，而我…已经下定决心了。
神里绫华_test_6|嗯，买到了。|嗯，买到了。
神里绫华_test_7|东西在这里，请各位过目。|东西在这里，请各位过目。
神里绫华_test_8|久利须先生，请不要付钱给他。|久利须先生，请不要付钱给他。
神里绫华_test_9|谢谢你安慰我，派蒙。|谢谢你安慰我，派蒙。
神里绫华_test_10|枫原，请恕我冒昧，你所想之事是否与「雷电五传」有关？|枫原，请恕我冒昧，你所想之事是否与「雷电五传」有关？
神里绫华_test_11|嗯…看来得到万国商会走一趟。|嗯…看来得到万国商会走一趟。
神里绫华_test_12|说起来，其他国家的人一般都会穿什么风格的衣服呢？|说起来，其他国家的人一般都会穿什么风格的衣服呢？
神里绫华_test_13|「随意休息」愧不敢当，不过能在这里小憩片刻，对我来说的确是非常值得感谢的事情。|「随意休息」愧不敢当，不过能在这里小憩片刻，对我来说的确是非常值得感谢的事情。
神里绫华_test_14|也不必觉得为难，今天这片树林里什么事都没有发生，不是吗？|也不必觉得为难，今天这片树林里什么事都没有发生，不是吗？
神里绫华_test_15|很疼爱她的老师突然离开，她到现在也有点无所适从。|很疼爱她的老师突然离开，她到现在也有点无所适从。
神里绫华_test_16|风雅之物我都很喜欢：雅乐诗词、棋艺与舞蹈。你也感兴趣吗？|风雅之物我都很喜欢：雅乐诗词、棋艺与舞蹈。你也感兴趣吗？
神里绫华_test_17|嗯…你的好意我拜领了。|嗯…你的好意我拜领了。
神里绫华_test_18|很多人因为我是「白鹭公主」，是社奉行神里家的大小姐而敬重我。他们所敬重的，只是我所身处的地位，与绫华我是怎样的人并无关系…\n所以我想，能真正走近我的，或许只有…|很多人因为我是「白鹭公主」，是社奉行神里家的大小姐而敬重我。他们所敬重的，只是我所身处的地位，与绫华我是怎样的人并无关系…\n所以我想，能真正走近我的，或许只有…
神里绫华_test_19|…不行，我必须去救他！|…不行，我必须去救他！
神里绫华_test_20|嗯，如果天领奉行那边真如托马所说在忙于筹备什么，那就这么办好了。|嗯，如果天领奉行那边真如托马所说在忙于筹备什么，那就这么办好了。
神里绫华_test_21|希望这个愿望能够实现…|希望这个愿望能够实现…
神里绫华_test_22|我还从来没有参加过试胆大会，不知道会是什么样子。|我还从来没有参加过试胆大会，不知道会是什么样子。
神里绫华_test_23|二位漂洋过海，旅途劳顿，到府上却又只能这般相见，请恕礼数不周。|二位漂洋过海，旅途劳顿，到府上却又只能这般相见，请恕礼数不周。
神里绫华_test_24|如果有我能相助之处，希望我也能帮上你。|如果有我能相助之处，希望我也能帮上你。
神里绫华_test_25|我不打算用这样的方式。我想…我有了新的目标，我会不留遗憾地度过每一天。|我不打算用这样的方式。我想…我有了新的目标，我会不留遗憾地度过每一天。
神里绫华_test_26|我可以…牵着你的手吗？|我可以…牵着你的手吗？
神里绫华_test_27|请随我一同避雨吧。|请随我一同避雨吧。
神里绫华_test_28|……|……
神里绫华_test_29|……|……
神里绫华_test_30|原来如此，你们也经历了许多事情呢。|原来如此，你们也经历了许多事情呢。
神里绫华_test_31|请您、请您不要这样声张，我们只是…|请您、请您不要这样声张，我们只是…
神里绫华_test_32|里面有她记录的许多琐事，其中出现了一个我从未听说过的人名，而且频率之高，实在令人在意…|里面有她记录的许多琐事，其中出现了一个我从未听说过的人名，而且频率之高，实在令人在意…
神里绫华_test_33|各位，当年那份图谱我已经找到了。|各位，当年那份图谱我已经找到了。
神里绫华_test_34|呜…|呜…
神里绫华_test_35|这一卷密封的，应该是天领奉行要呈给将军的「上奏公文」。|这一卷密封的，应该是天领奉行要呈给将军的「上奏公文」。
神里绫华_test_36|不过既然已经走到这里，我认为，我们还是应该进去一探究竟。|不过既然已经走到这里，我认为，我们还是应该进去一探究竟。
神里绫华_test_37|谢谢你们，我、我很开心！|谢谢你们，我、我很开心！
神里绫华_test_38|……|……
神里绫华_test_39|鹿野院先生？他和九条小姐一样，是「天领奉行」的人。他…也是一个很有原则的人。对于这些「原则」的坚持，甚至比九条小姐更执着。只不过，什么事应该被算在这些「原则」之内，我想，或许只有鹿野院先生自己知道吧。|鹿野院先生？他和九条小姐一样，是「天领奉行」的人。他…也是一个很有原则的人。对于这些「原则」的坚持，甚至比九条小姐更执着。只不过，什么事应该被算在这些「原则」之内，我想，或许只有鹿野院先生自己知道吧。
神里绫华_test_40|您好。|您好。
神里绫华_test_41|认识至今，我的性格，你应该已经了解了吧？|认识至今，我的性格，你应该已经了解了吧？
神里绫华_test_42|……！|……！
神里绫华_test_43|那个…旅行者，我…呃…|那个…旅行者，我…呃…
神里绫华_test_44|阁下务必小心。|阁下务必小心。
神里绫华_test_45|嗯。我想去见她。|嗯。我想去见她。
神里绫华_test_46|……|……
神里绫华_test_47|可以请你帮我完成这件事吗？就当是帮我的忙，可、可以吗…？我会好好谢谢你的！|可以请你帮我完成这件事吗？就当是帮我的忙，可、可以吗…？我会好好谢谢你的！
神里绫华_test_48|真的吗？那，请多指教了。不…应该说「请多担待」更好一些。|真的吗？那，请多指教了。不…应该说「请多担待」更好一些。
神里绫华_test_49|各位知道，社奉行主要掌管祭祀活动与文化传承，而稻妻的「锻刀技艺」，也是其中极为重要的部分。|各位知道，社奉行主要掌管祭祀活动与文化传承，而稻妻的「锻刀技艺」，也是其中极为重要的部分。
神里绫华_test_50|真的吗？那，请多指教了。不…应该说「请多担待」更好一些。|真的吗？那，请多指教了。不…应该说「请多担待」更好一些。
神里绫华_test_51|你是远渡重天，创造诸多伟业之人。|你是远渡重天，创造诸多伟业之人。
神里绫华_test_52|难道真的像传闻所说的那样，每次试胆大会都会发生诡异的事情…|难道真的像传闻所说的那样，每次试胆大会都会发生诡异的事情…
神里绫华_test_53|后来在城中的祭祀事宜变少了以后，先辈们就修建了这座仅社奉行相关人员才能自由进出的茶室。|后来在城中的祭祀事宜变少了以后，先辈们就修建了这座仅社奉行相关人员才能自由进出的茶室。
神里绫华_test_54|哇…你运气真好啊。|哇…你运气真好啊。
神里绫华_test_55|看笔记的时候甚至有些不知所措，就好像是我的一些想法被人看穿了、写到笔记上一样…|看笔记的时候甚至有些不知所措，就好像是我的一些想法被人看穿了、写到笔记上一样…
神里绫华_test_56|不不，怎么会！我只是…只是很佩服那些随心所欲的人嘛。|不不，怎么会！我只是…只是很佩服那些随心所欲的人嘛。
神里绫华_test_57|"#这是你和你的{MATEAVATAR#SEXPRO[INFO_MALE_PRONOUN_BROTHER|INFO_FEMALE_PRONOUN_SISTER]}对吧？"|"#这是你和你的{MATEAVATAR#SEXPRO[INFO_MALE_PRONOUN_BROTHER|INFO_FEMALE_PRONOUN_SISTER]}对吧？"
神里绫华_test_58|比起过于高档令人拘谨的高级餐厅，我认为那种自在的氛围更适合我们今天的行程。|比起过于高档令人拘谨的高级餐厅，我认为那种自在的氛围更适合我们今天的行程。
